symbol,date,open,high,low,close,volume,factor
MSFT,2021-01-04,222.53,223.00,214.81,217.69,37130100,1
MSFT,2021-01-05,217.26,218.52,215.70,217.90,23823000,1
MSFT,2021-01-06,212.17,216.49,211.94,212.25,35930700,1
MSFT,2021-01-07,214.04,219.34,213.71,218.29,27694500,1
MSFT,2021-01-08,218.68,220.58,217.03,219.62,22956200,1
MSFT,2021-01-11,218.47,218.91,216.73,217.49,23031300,1
MSFT,2021-01-12,216.50,217.10,213.32,214.93,23249300,1
MSFT,2021-01-13,214.02,216.76,213.93,216.34,20087100,1
MSFT,2021-01-14,215.91,217.46,212.74,213.02,29480800,1
MSFT,2021-01-15,213.52,214.51,212.03,212.65,31746500,1
MSFT,2021-01-19,213.75,216.98,212.63,216.44,30480900,1
MSFT,2021-01-20,217.70,225.79,217.29,224.34,37777300,1
MSFT,2021-01-21,224.70,226.30,222.42,224.97,30709400,1
MSFT,2021-01-22,227.08,230.07,225.80,225.95,30172700,1
MSFT,2021-01-25,229.12,229.78,224.22,229.53,33152100,1
MSFT,2021-01-26,231.86,234.18,230.08,232.33,49169600,1
MSFT,2021-01-27,238.00,240.44,230.14,232.90,69870600,1
MSFT,2021-01-28,235.61,242.64,235.09,238.93,49111200,1
MSFT,2021-01-29,235.99,238.02,231.35,231.96,42503100,1
MSFT,2021-02-01,235.06,242.50,232.43,239.65,33314200,1
MSFT,2021-02-02,241.30,242.31,238.69,239.51,25916300,1
MSFT,2021-02-03,239.57,245.09,239.26,243.00,27158100,1
MSFT,2021-02-04,242.66,243.24,240.37,242.01,25296100,1
MSFT,2021-02-05,242.23,243.28,240.42,242.20,18054800,1
MSFT,2021-02-08,243.15,243.68,240.81,242.47,22211900,1
MSFT,2021-02-09,241.87,244.76,241.38,243.77,23565000,1
MSFT,2021-02-10,245.00,245.92,240.89,242.82,22186700,1
MSFT,2021-02-11,244.78,245.15,242.15,244.49,15751100,1
MSFT,2021-02-12,243.93,245.30,242.73,244.99,16561100,1
MSFT,2021-02-16,245.03,246.13,242.92,243.70,26728500,1
MSFT,2021-02-17,241.32,244.31,240.94,244.20,21653500,1
MSFT,2021-02-18,241.80,243.93,240.86,243.79,16925600,1
MSFT,2021-02-19,243.75,243.86,240.18,240.97,25262600,1
MSFT,2021-02-22,237.42,237.93,232.40,234.51,36446900,1
MSFT,2021-02-23,230.33,234.83,228.73,233.27,30228700,1
MSFT,2021-02-24,230.01,235.20,229.00,234.55,26339700,1
MSFT,2021-02-25,232.08,234.59,227.88,228.99,39542200,1
MSFT,2021-02-26,231.53,235.37,229.54,232.38,37819200,1
MSFT,2021-03-01,235.90,237.47,233.15,236.94,25324000,1
MSFT,2021-03-02,237.01,237.30,233.45,233.87,22812500,1
MSFT,2021-03-03,232.16,233.58,227.26,227.56,34029500,1
MSFT,2021-03-04,226.74,232.49,224.26,226.73,44727800,1
MSFT,2021-03-05,229.52,233.27,226.46,231.60,41872800,1
MSFT,2021-03-08,231.37,233.37,227.13,227.39,35267400,1
MSFT,2021-03-09,232.88,235.38,231.67,233.78,33080500,1
MSFT,2021-03-10,237.00,237.00,232.04,232.42,29746800,1
MSFT,2021-03-11,234.96,239.17,234.31,237.13,29907600,1
MSFT,2021-03-12,234.01,235.82,233.23,235.75,22653700,1
MSFT,2021-03-15,234.96,235.19,231.81,234.81,26034900,1
MSFT,2021-03-16,236.28,240.06,235.94,237.71,28092200,1
MSFT,2021-03-17,236.15,238.55,233.23,237.04,29562100,1
MSFT,2021-03-18,232.56,234.19,230.33,230.72,34833000,1
MSFT,2021-03-19,231.02,232.47,229.35,230.35,46430700,1
MSFT,2021-03-22,230.27,236.90,230.14,235.99,30127000,1
MSFT,2021-03-23,237.49,241.05,237.07,237.58,31638400,1
MSFT,2021-03-24,237.85,238.00,235.32,235.46,25620100,1
MSFT,2021-03-25,235.30,236.94,231.57,232.34,34061900,1
MSFT,2021-03-26,231.55,236.71,231.55,236.48,25479900,1
MSFT,2021-03-29,236.59,236.80,231.88,235.24,25227500,1
MSFT,2021-03-30,233.53,233.85,231.10,231.85,24792000,1
MSFT,2021-03-31,232.91,239.10,232.39,235.77,43623500,1
MSFT,2021-04-01,238.47,242.84,238.05,242.35,30338000,1
MSFT,2021-04-05,242.76,249.96,242.70,249.07,36910600,1
MSFT,2021-04-06,247.61,249.40,246.88,247.86,22931900,1
MSFT,2021-04-07,247.81,250.93,247.19,249.90,22719800,1
MSFT,2021-04-08,252.77,254.14,252.00,253.25,23625200,1
MSFT,2021-04-09,252.87,255.99,252.44,255.85,24326800,1
MSFT,2021-04-12,254.71,257.67,254.62,255.91,27148700,1
MSFT,2021-04-13,257.26,259.19,256.83,258.49,23837500,1
MSFT,2021-04-14,257.48,258.83,255.16,255.59,23070900,1
MSFT,2021-04-15,257.93,259.93,257.73,259.50,25627500,1
MSFT,2021-04-16,259.47,261.00,257.60,260.74,24878600,1
MSFT,2021-04-19,260.19,261.48,257.82,258.74,23209300,1
MSFT,2021-04-20,257.82,260.20,256.84,258.26,19722900,1
MSFT,2021-04-21,258.94,260.68,257.25,260.58,24030400,1
MSFT,2021-04-22,260.21,261.78,255.64,257.17,25606200,1
MSFT,2021-04-23,257.88,261.51,257.27,261.15,21462600,1
MSFT,2021-04-26,261.66,262.44,260.17,261.55,19763300,1
MSFT,2021-04-27,261.58,263.19,260.12,261.97,31014200,1
MSFT,2021-04-28,256.08,256.54,252.95,254.56,46903100,1
MSFT,2021-04-29,255.46,256.10,249.00,252.51,40589000,1
MSFT,2021-04-30,249.74,253.08,249.60,252.18,30945100,1
MSFT,2021-05-03,253.40,254.35,251.12,251.86,19626600,1
MSFT,2021-05-04,250.97,251.21,245.76,247.79,32756100,1
MSFT,2021-05-05,249.06,249.50,245.82,246.47,21901300,1
MSFT,2021-05-06,246.45,249.86,244.69,249.73,26491100,1
MSFT,2021-05-07,252.15,254.30,251.17,252.46,27032900,1
MSFT,2021-05-10,250.87,251.73,247.12,247.18,29299900,1
MSFT,2021-05-11,244.55,246.60,242.57,246.23,33641600,1
MSFT,2021-05-12,242.17,244.38,238.07,239.00,36684400,1
MSFT,2021-05-13,241.80,245.60,241.42,243.03,29624300,1
MSFT,2021-05-14,245.58,249.18,245.49,248.15,23901100,1
MSFT,2021-05-17,246.55,246.59,243.52,245.18,24970200,1
MSFT,2021-05-18,246.27,246.41,242.90,243.08,20168000,1
MSFT,2021-05-19,239.31,243.23,238.60,243.12,25739800,1
MSFT,2021-05-20,243.96,247.95,243.86,246.48,21800700,1
MSFT,2021-05-21,247.57,248.33,244.74,245.17,21863100,1
MSFT,2021-05-24,247.79,251.16,247.51,250.78,21411500,1
MSFT,2021-05-25,251.77,252.75,250.82,251.72,17704300,1
MSFT,2021-05-26,251.43,252.94,250.75,251.49,17771600,1
MSFT,2021-05-27,251.17,251.48,249.25,249.31,24426200,1
MSFT,2021-05-28,251.00,252.08,249.56,249.68,18270200,1
MSFT,2021-06-01,251.23,251.29,246.96,247.40,23213300,1
MSFT,2021-06-02,248.13,249.27,245.84,247.30,19406700,1
MSFT,2021-06-03,245.22,246.34,243.00,245.71,25307700,1
MSFT,2021-06-04,247.76,251.65,247.51,250.79,25281100,1
MSFT,2021-06-07,249.98,254.09,249.81,253.81,23079200,1
MSFT,2021-06-08,255.16,256.01,252.51,252.57,22455000,1
MSFT,2021-06-09,253.81,255.53,253.21,253.59,17937600,1
MSFT,2021-06-10,254.29,257.46,253.67,257.24,24563600,1
MSFT,2021-06-11,257.99,258.49,256.61,257.89,18999700,1
MSFT,2021-06-14,257.90,259.95,256.80,259.89,19150500,1
MSFT,2021-06-15,259.77,259.99,257.68,258.36,18038900,1
MSFT,2021-06-16,259.40,260.58,254.42,257.38,27220000,1
MSFT,2021-06-17,256.07,261.75,256.01,260.90,27565500,1
MSFT,2021-06-18,259.63,262.30,258.75,259.43,37202200,1
MSFT,2021-06-21,259.82,263.52,257.92,262.63,26696100,1
MSFT,2021-06-22,262.72,265.79,262.40,265.51,24694100,1
MSFT,2021-06-23,265.99,266.83,264.43,265.27,19518700,1
MSFT,2021-06-24,266.16,267.85,265.47,266.69,21446900,1
MSFT,2021-06-25,266.23,267.25,264.76,265.02,25611100,1
MSFT,2021-06-28,266.19,268.90,265.91,268.72,19590000,1
MSFT,2021-06-29,268.87,271.65,267.98,271.40,19937800,1
MSFT,2021-06-30,270.69,271.36,269.60,270.90,21656500,1
MSFT,2021-07-01,269.61,271.84,269.60,271.60,16725300,1
MSFT,2021-07-02,272.82,278.00,272.50,277.65,26458000,1
MSFT,2021-07-06,278.03,279.37,274.30,277.66,31565600,1
MSFT,2021-07-07,279.40,280.69,277.15,279.93,23260000,1
MSFT,2021-07-08,276.90,278.73,274.87,277.42,24618600,1
MSFT,2021-07-09,275.72,278.05,275.32,277.94,23916700,1
MSFT,2021-07-12,279.16,279.77,276.58,277.32,18931700,1
MSFT,2021-07-13,277.52,282.85,277.39,280.98,26120100,1
MSFT,2021-07-14,282.35,283.66,280.55,282.51,23113700,1
MSFT,2021-07-15,282.00,282.51,279.83,281.03,22604200,1
MSFT,2021-07-16,282.07,284.10,279.46,280.75,26186800,1
MSFT,2021-07-19,278.93,280.37,274.45,277.01,32935600,1
MSFT,2021-07-20,278.03,280.97,276.26,279.32,26259700,1
MSFT,2021-07-21,278.90,281.52,277.29,281.40,24364300,1
MSFT,2021-07-22,283.84,286.42,283.42,286.14,23384100,1
MSFT,2021-07-23,287.37,289.99,286.50,289.67,22768100,1
MSFT,2021-07-26,289.00,289.69,286.64,289.05,23176100,1
MSFT,2021-07-27,289.43,289.58,282.95,286.54,33604100,1
MSFT,2021-07-28,288.99,290.15,283.83,286.22,33566900,1
MSFT,2021-07-29,286.24,288.62,286.08,286.50,18168300,1
MSFT,2021-07-30,285.17,286.66,283.91,284.91,20944800,1
MSFT,2021-08-02,286.36,286.77,283.74,284.82,16267400,1
MSFT,2021-08-03,285.42,287.23,284.00,287.12,17879000,1
MSFT,2021-08-04,286.22,287.59,284.65,286.51,16191300,1
MSFT,2021-08-05,286.88,289.63,286.10,289.52,13900200,1
MSFT,2021-08-06,288.51,289.50,287.62,289.46,16589300,1
MSFT,2021-08-09,289.75,291.55,287.81,288.33,16117600,1
MSFT,2021-08-10,288.80,289.25,285.20,286.44,18616600,1
MSFT,2021-08-11,287.21,288.66,285.86,286.95,13955900,1
MSFT,2021-08-12,286.63,289.97,286.34,289.81,14561300,1
MSFT,2021-08-13,289.48,292.90,289.30,292.85,18249000,1
MSFT,2021-08-16,293.19,294.82,290.02,294.60,22507600,1
MSFT,2021-08-17,292.39,293.43,291.08,293.08,20075300,1
MSFT,2021-08-18,292.04,294.82,290.27,290.73,21813000,1
MSFT,2021-08-19,288.69,297.47,288.64,296.77,29850500,1
MSFT,2021-08-20,299.72,305.84,298.06,304.36,40817600,1
MSFT,2021-08-23,303.25,305.40,301.85,304.65,22830200,1
MSFT,2021-08-24,305.02,305.65,302.00,302.62,18175800,1
MSFT,2021-08-25,304.30,304.59,300.42,302.01,20006100,1
MSFT,2021-08-26,300.99,302.43,298.95,299.09,17666100,1
MSFT,2021-08-27,298.99,300.87,296.83,299.72,22605700,1
MSFT,2021-08-30,301.12,304.22,301.06,303.59,16348100,1
MSFT,2021-08-31,304.42,304.50,301.50,301.88,26285300,1
MSFT,2021-09-01,302.87,305.19,301.49,301.83,18983800,1
MSFT,2021-09-02,302.20,303.36,300.18,301.15,16285600,1
MSFT,2021-09-03,300.99,302.60,300.26,301.14,14747900,1
MSFT,2021-09-07,301.01,301.09,298.20,300.18,17180400,1
MSFT,2021-09-08,299.78,300.61,297.47,300.21,15046800,1
MSFT,2021-09-09,300.82,302.14,297.00,297.25,19927000,1
MSFT,2021-09-10,298.42,299.92,295.38,295.71,19633400,1
MSFT,2021-09-13,297.55,298.54,294.08,296.99,23652900,1
MSFT,2021-09-14,299.56,301.39,298.10,299.79,21853400,1
MSFT,2021-09-15,303.26,305.32,301.82,304.82,28356300,1
MSFT,2021-09-16,303.76,305.31,300.76,305.22,19550800,1
MSFT,2021-09-17,304.17,304.50,299.53,299.87,41372500,1
MSFT,2021-09-20,296.33,298.72,289.52,294.30,38278700,1
MSFT,2021-09-21,295.69,297.54,294.07,294.80,22364100,1
MSFT,2021-09-22,296.73,300.22,294.51,298.58,26626300,1
MSFT,2021-09-23,298.85,300.90,297.53,299.56,18604600,1
MSFT,2021-09-24,298.23,299.80,296.93,299.35,14999000,1
MSFT,2021-09-27,296.14,296.47,292.94,294.17,23571700,1
MSFT,2021-09-28,289.80,290.78,282.75,283.52,43186200,1
MSFT,2021-09-29,285.10,286.77,283.01,284.00,26353700,1
MSFT,2021-09-30,285.71,287.83,281.62,281.92,32343600,1
MSFT,2021-10-01,282.12,289.98,281.29,289.10,30086300,1
MSFT,2021-10-04,287.40,287.75,280.25,283.11,31350700,1
MSFT,2021-10-05,284.05,290.40,284.05,288.76,24993000,1
MSFT,2021-10-06,285.78,293.63,285.51,293.11,28002600,1
MSFT,2021-10-07,295.18,296.64,293.92,294.85,20430500,1
MSFT,2021-10-08,296.22,296.64,293.76,294.85,17685700,1
MSFT,2021-10-11,292.92,297.97,292.75,294.23,19298600,1
MSFT,2021-10-12,295.34,295.44,292.35,292.88,17974100,1
MSFT,2021-10-13,294.91,297.28,293.49,296.31,23416300,1
MSFT,2021-10-14,299.21,303.27,297.83,302.75,27262900,1
MSFT,2021-10-15,302.34,304.45,300.52,304.21,25384800,1
MSFT,2021-10-18,303.57,308.21,302.69,307.29,22729300,1
MSFT,2021-10-19,308.35,309.30,307.22,308.23,17682100,1
MSFT,2021-10-20,309.21,309.70,306.11,307.41,16537100,1
MSFT,2021-10-21,307.17,311.02,306.36,310.76,16918100,1
MSFT,2021-10-22,310.40,311.09,307.80,309.16,17449300,1
MSFT,2021-10-25,309.36,309.40,306.46,308.13,17554500,1
MSFT,2021-10-26,311.00,312.40,308.60,310.11,28107300,1
MSFT,2021-10-27,316.00,326.10,316.00,323.17,52588700,1
MSFT,2021-10-28,324.33,324.87,321.36,324.35,26297900,1
MSFT,2021-10-29,324.13,332.00,323.90,331.62,34766000,1
MSFT,2021-11-01,331.36,331.49,326.37,329.37,27073200,1
MSFT,2021-11-02,330.31,333.45,330.00,333.13,26487100,1
MSFT,2021-11-03,333.90,334.90,330.65,334.00,21500100,1
MSFT,2021-11-04,332.89,336.54,329.51,336.44,23992200,1
MSFT,2021-11-05,338.51,338.79,334.42,336.06,22570100,1
MSFT,2021-11-08,337.30,337.65,334.44,336.99,20897000,1
MSFT,2021-11-09,337.11,338.72,334.53,335.95,21307400,1
MSFT,2021-11-10,334.57,334.63,329.92,330.80,25500900,1
MSFT,2021-11-11,331.25,333.77,330.51,332.43,16849800,1
MSFT,2021-11-12,333.92,337.23,333.79,336.72,23831000,1
MSFT,2021-11-15,337.54,337.88,334.03,336.07,16723000,1
MSFT,2021-11-16,335.68,340.67,335.51,339.51,20886800,1
MSFT,2021-11-17,338.94,342.19,338.00,339.12,19053400,1
MSFT,2021-11-18,338.18,342.45,337.12,341.27,22463500,1
MSFT,2021-11-19,342.64,345.10,342.20,343.11,21963400,1
MSFT,2021-11-22,344.62,349.67,339.55,339.83,31031100,1
MSFT,2021-11-23,337.05,339.45,333.56,337.68,30427600,1
MSFT,2021-11-24,336.28,338.16,333.91,337.91,21661300,1
MSFT,2021-11-26,334.35,337.93,328.12,329.68,24217200,1
MSFT,2021-11-29,334.94,339.03,334.74,336.63,28563500,1
MSFT,2021-11-30,335.32,337.78,328.99,330.59,42885600,1
MSFT,2021-12-01,335.13,339.28,329.39,330.08,33337600,1
MSFT,2021-12-02,330.30,333.49,327.80,329.49,30766000,1
MSFT,2021-12-03,331.99,332.70,318.03,323.01,41779300,1
MSFT,2021-12-06,323.95,327.45,319.23,326.19,30032600,1
MSFT,2021-12-07,331.64,335.80,330.10,334.92,31021900,1
MSFT,2021-12-08,335.31,335.50,330.80,334.97,24761000,1
MSFT,2021-12-09,334.41,336.49,332.12,333.10,22214200,1
MSFT,2021-12-10,334.98,343.00,334.79,342.54,38095700,1
MSFT,2021-12-13,340.68,343.79,339.08,339.40,28899400,1
MSFT,2021-12-14,333.22,334.64,324.11,328.34,44438700,1
MSFT,2021-12-15,328.61,335.19,324.50,334.65,35381100,1
MSFT,2021-12-16,335.71,336.76,323.02,324.90,35034800,1
MSFT,2021-12-17,320.88,324.92,317.25,323.80,47750300,1
MSFT,2021-12-20,320.05,322.80,317.57,319.91,28326500,1
MSFT,2021-12-21,323.29,327.73,319.80,327.29,24740600,1
MSFT,2021-12-22,328.30,333.61,325.75,333.20,24831500,1
MSFT,2021-12-23,332.75,336.39,332.73,334.69,19617800,1
MSFT,2021-12-27,335.46,342.48,335.43,342.45,19947000,1
MSFT,2021-12-28,343.15,343.81,340.32,341.25,15661500,1
MSFT,2021-12-29,341.30,344.30,339.68,341.95,15042000,1
MSFT,2021-12-30,341.91,343.13,338.82,339.32,15994500,1
MSFT,2021-12-31,338.51,339.36,335.85,336.32,18000800,1
MSFT,2022-01-03,335.35,338.00,329.78,334.75,28865100,1
MSFT,2022-01-04,334.83,335.20,326.12,329.01,32674300,1
MSFT,2022-01-05,325.86,326.07,315.98,316.38,40054300,1
MSFT,2022-01-06,313.15,318.70,311.49,313.88,39646100,1
MSFT,2022-01-07,314.15,316.50,310.09,314.04,32720000,1
MSFT,2022-01-10,309.49,314.72,304.69,314.27,44289500,1
MSFT,2022-01-11,313.38,316.61,309.89,314.98,29386800,1
MSFT,2022-01-12,319.67,323.41,317.08,318.27,34372200,1
MSFT,2022-01-13,320.47,320.88,304.00,304.80,45366000,1
MSFT,2022-01-14,304.25,310.82,303.75,310.20,39846400,1
MSFT,2022-01-18,304.07,309.80,301.74,302.65,42333200,1
MSFT,2022-01-19,306.29,313.91,302.70,303.33,45933900,1
MSFT,2022-01-20,309.07,311.65,301.14,301.60,35380700,1
MSFT,2022-01-21,302.69,304.11,295.61,296.03,57984400,1
MSFT,2022-01-24,292.20,297.11,276.05,296.37,85731500,1
MSFT,2022-01-25,291.52,294.99,285.17,288.49,72848600,1
MSFT,2022-01-26,307.99,308.50,293.03,296.71,90428900,1
MSFT,2022-01-27,302.66,307.30,297.93,299.84,53481300,1
MSFT,2022-01-28,300.23,308.48,294.45,308.26,49743700,1
MSFT,2022-01-31,308.95,312.38,306.37,310.98,46444500,1
MSFT,2022-02-01,310.41,310.63,305.13,308.76,40950400,1
MSFT,2022-02-02,309.63,315.12,308.88,313.46,36636000,1
MSFT,2022-02-03,309.49,311.23,299.96,301.25,43730000,1
MSFT,2022-02-04,300.21,308.80,299.97,305.94,35096500,1
MSFT,2022-02-07,306.17,307.84,299.90,300.95,28533300,1
MSFT,2022-02-08,301.25,305.56,299.95,304.56,32421200,1
MSFT,2022-02-09,309.87,311.93,307.39,311.21,31284700,1
MSFT,2022-02-10,304.04,309.12,300.70,302.38,45386200,1
MSFT,2022-02-11,303.19,304.29,294.22,295.04,39175600,1
MSFT,2022-02-14,293.77,296.76,291.35,295.00,36359500,1
MSFT,2022-02-15,300.01,300.80,297.02,300.47,27058300,1
MSFT,2022-02-16,298.37,300.87,293.68,299.50,29982100,1
MSFT,2022-02-17,296.36,296.80,290.00,290.73,32461600,1
MSFT,2022-02-18,293.05,293.86,286.31,287.93,34264000,1
MSFT,2022-02-22,285.00,291.54,284.50,287.72,41736100,1
MSFT,2022-02-23,290.18,291.70,280.10,280.27,37811200,1
MSFT,2022-02-24,272.51,295.16,271.52,294.59,56989700,1
MSFT,2022-02-25,295.14,297.63,291.65,297.31,32546700,1
MSFT,2022-02-28,294.31,299.14,293.00,298.79,34627500,1
MSFT,2022-03-01,296.40,299.97,292.15,294.95,31217800,1
MSFT,2022-03-02,295.36,301.47,293.70,300.19,31873000,1
MSFT,2022-03-03,302.89,303.13,294.05,295.92,27314500,1
MSFT,2022-03-04,294.29,295.66,287.17,289.86,32356500,1
MSFT,2022-03-07,288.53,289.69,278.53,278.91,43157200,1
MSFT,2022-03-08,277.80,283.96,270.00,275.85,48159500,1
MSFT,2022-03-09,283.44,289.60,280.78,288.50,35204500,1
MSFT,2022-03-10,283.02,286.60,280.58,285.59,30628000,1
MSFT,2022-03-11,287.96,289.51,279.43,280.07,27209300,1
MSFT,2022-03-14,280.34,285.40,275.82,276.44,30660700,1
MSFT,2022-03-15,280.35,287.82,278.73,287.15,34245100,1
MSFT,2022-03-16,289.11,294.57,283.20,294.39,37826300,1
MSFT,2022-03-17,293.29,295.61,289.37,295.22,30816600,1
MSFT,2022-03-18,295.37,301.00,292.73,300.43,43390600,1
MSFT,2022-03-21,298.89,300.14,294.90,299.16,28351200,1
MSFT,2022-03-22,299.80,305.00,298.77,304.06,27599700,1
MSFT,2022-03-23,300.51,303.23,297.72,299.49,25715400,1
MSFT,2022-03-24,299.14,304.20,298.32,304.10,24484500,1
MSFT,2022-03-25,305.23,305.50,299.29,303.68,22566500,1
MSFT,2022-03-28,304.33,310.80,304.33,310.70,29578200,1
MSFT,2022-03-29,313.91,315.82,309.05,315.41,30393400,1
MSFT,2022-03-30,313.76,315.95,311.58,313.86,28163600,1
MSFT,2022-03-31,313.90,315.14,307.89,308.31,33422100,1
MSFT,2022-04-01,309.37,310.13,305.54,309.42,27110500,1
MSFT,2022-04-04,310.09,315.11,309.71,314.97,24289600,1
MSFT,2022-04-05,313.27,314.87,309.87,310.88,23156700,1
MSFT,2022-04-06,305.19,307.00,296.71,299.50,40110400,1
MSFT,2022-04-07,296.66,303.65,296.35,301.37,31411200,1
MSFT,2022-04-08,300.44,301.12,296.28,296.97,24361900,1
MSFT,2022-04-11,291.79,292.61,285.00,285.26,34569300,1
MSFT,2022-04-12,289.24,290.74,280.49,282.06,30966700,1
MSFT,2022-04-13,282.73,288.58,281.30,287.62,21907200,1
MSFT,2022-04-14,288.09,288.31,279.32,279.83,28221600,1
MSFT,2022-04-18,278.91,282.46,278.34,280.52,20778000,1
MSFT,2022-04-19,279.38,286.17,278.41,285.30,22297700,1
MSFT,2022-04-20,289.40,289.70,285.37,286.36,22906700,1
MSFT,2022-04-21,288.58,293.30,280.06,280.81,29454600,1
MSFT,2022-04-22,281.68,283.20,273.38,274.03,29405800,1
MSFT,2022-04-25,273.29,281.11,270.77,280.72,35678900,1
MSFT,2022-04-26,277.50,278.36,270.00,270.22,46518400,1
MSFT,2022-04-27,282.10,290.97,279.16,283.22,63477700,1
MSFT,2022-04-28,285.19,290.98,281.46,289.63,33646600,1
MSFT,2022-04-29,288.61,289.88,276.50,277.52,37073900,1
MSFT,2022-05-02,277.71,284.94,276.22,284.47,35151100,1
MSFT,2022-05-03,283.96,284.13,280.15,281.78,25978600,1
MSFT,2022-05-04,282.59,290.88,276.73,289.98,33599300,1
MSFT,2022-05-05,285.54,286.35,274.34,277.35,43260400,1
MSFT,2022-05-06,274.81,279.25,271.27,274.73,37780300,1
MSFT,2022-05-09,270.06,272.36,263.32,264.58,47726000,1
MSFT,2022-05-10,271.69,273.75,265.07,269.50,39336400,1
MSFT,2022-05-11,265.68,271.36,259.30,260.55,48975900,1
MSFT,2022-05-12,257.69,259.88,250.02,255.35,51033800,1
MSFT,2022-05-13,257.35,263.04,255.35,261.12,34925100,1
MSFT,2022-05-16,259.96,265.82,255.78,261.50,32550900,1
MSFT,2022-05-17,266.11,268.33,262.46,266.82,28828800,1
MSFT,2022-05-18,263.00,263.60,252.77,254.08,31356000,1
MSFT,2022-05-19,253.90,257.67,251.88,253.14,32692300,1
MSFT,2022-05-20,257.24,258.54,246.44,252.56,39199300,1
MSFT,2022-05-23,255.49,261.50,253.43,260.65,33175400,1
MSFT,2022-05-24,257.89,261.33,253.50,259.62,29043900,1
MSFT,2022-05-25,258.14,264.58,257.13,262.52,28547900,1
MSFT,2022-05-26,262.27,267.11,261.43,265.90,25002100,1
MSFT,2022-05-27,268.48,273.34,267.56,273.24,26910800,1
MSFT,2022-05-31,272.53,274.77,268.93,271.87,37827700,1
MSFT,2022-06-01,275.20,277.69,270.04,272.42,25292200,1
MSFT,2022-06-02,264.45,274.65,261.60,274.58,44008200,1
MSFT,2022-06-03,270.31,273.45,268.41,270.02,28059000,1
MSFT,2022-06-06,272.06,274.18,267.22,268.75,22400300,1
MSFT,2022-06-07,266.64,273.13,265.94,272.50,22860700,1
MSFT,2022-06-08,271.71,273.00,269.61,270.41,17372300,1
MSFT,2022-06-09,267.78,272.71,264.63,264.79,26439700,1
MSFT,2022-06-10,260.58,260.58,252.53,252.99,31422800,1
MSFT,2022-06-13,245.11,249.02,241.53,242.26,46135800,1
MSFT,2022-06-14,243.86,245.74,241.51,244.49,28651500,1
MSFT,2022-06-15,248.31,255.30,246.42,251.76,33111700,1
MSFT,2022-06-16,245.98,247.42,243.02,244.97,33169200,1
MSFT,2022-06-17,244.70,250.50,244.03,247.65,43084800,1
MSFT,2022-06-21,250.26,254.75,249.51,253.74,29928300,1
MSFT,2022-06-22,251.89,257.17,250.37,253.13,25939900,1
MSFT,2022-06-23,255.57,259.37,253.63,258.86,25861400,1
MSFT,2022-06-24,261.81,267.98,261.72,267.70,33923200,1
MSFT,2022-06-27,268.21,268.30,263.28,264.89,24615100,1
MSFT,2022-06-28,263.98,266.91,256.32,256.48,27295500,1
MSFT,2022-06-29,257.59,261.97,255.76,260.26,20069800,1
MSFT,2022-06-30,257.05,259.53,252.90,256.83,31730900,1
MSFT,2022-07-01,256.39,259.77,254.61,259.58,22837700,1
MSFT,2022-07-05,256.16,262.98,254.74,262.85,22941000,1
MSFT,2022-07-06,263.75,267.99,262.40,266.21,23824400,1
MSFT,2022-07-07,265.12,269.06,265.02,268.40,20859900,1
MSFT,2022-07-08,264.79,268.10,263.29,267.66,19658800,1
MSFT,2022-07-11,265.65,266.53,262.18,264.51,19455200,1
MSFT,2022-07-12,265.88,265.94,252.04,253.67,35868500,1
MSFT,2022-07-13,250.19,253.55,248.11,252.72,29497400,1
MSFT,2022-07-14,250.57,255.14,245.94,254.08,25102800,1
MSFT,2022-07-15,255.72,260.37,254.77,256.72,29774100,1
MSFT,2022-07-18,259.75,260.84,253.30,254.25,20975000,1
MSFT,2022-07-19,257.58,259.72,253.68,259.53,25012600,1
MSFT,2022-07-20,259.90,264.87,258.91,262.27,22788300,1
MSFT,2022-07-21,259.79,264.89,257.03,264.84,22404700,1
MSFT,2022-07-22,265.24,265.33,259.07,260.36,21881300,1
MSFT,2022-07-25,261.00,261.50,256.81,258.83,21056000,1
MSFT,2022-07-26,259.86,259.88,249.57,251.90,39348000,1
MSFT,2022-07-27,261.16,270.05,258.85,268.74,45994000,1
MSFT,2022-07-28,269.75,277.84,267.87,276.41,33459300,1
MSFT,2022-07-29,277.70,282.00,276.63,280.74,32152800,1
MSFT,2022-08-01,277.82,281.28,275.84,278.01,21539600,1
MSFT,2022-08-02,276.00,277.89,272.38,274.82,22754200,1
MSFT,2022-08-03,276.76,283.50,276.61,282.47,23518900,1
MSFT,2022-08-04,281.80,283.80,280.17,283.65,18098700,1
MSFT,2022-08-05,279.15,283.65,278.68,282.91,16774600,1
MSFT,2022-08-08,284.05,285.92,279.32,280.32,18739200,1
MSFT,2022-08-09,279.64,283.08,277.61,282.30,23405200,1
MSFT,2022-08-10,288.17,289.81,286.94,289.16,24687800,1
MSFT,2022-08-11,290.85,291.21,286.51,287.02,20065900,1
MSFT,2022-08-12,288.48,291.91,286.94,291.91,22619700,1
MSFT,2022-08-15,291.00,294.18,290.11,293.47,18085700,1
MSFT,2022-08-16,291.99,294.04,290.42,292.71,18102900,1
MSFT,2022-08-17,289.74,293.35,289.47,291.32,18253400,1
MSFT,2022-08-18,290.19,291.91,289.08,290.17,17186200,1
MSFT,2022-08-19,288.90,289.25,285.56,286.15,20570000,1
MSFT,2022-08-22,282.08,282.46,277.22,277.75,25061100,1
MSFT,2022-08-23,276.44,278.86,275.40,276.44,17527400,1
MSFT,2022-08-24,275.41,277.23,275.11,275.79,18137000,1
MSFT,2022-08-25,277.33,279.02,274.52,278.85,16583400,1
MSFT,2022-08-26,279.08,280.34,267.98,268.09,27549300,1
MSFT,2022-08-29,265.85,267.40,263.85,265.23,20338500,1
MSFT,2022-08-30,266.67,267.05,260.66,262.97,22767100,1
MSFT,2022-08-31,265.39,267.11,261.33,261.47,24791800,1
MSFT,2022-09-01,258.87,260.89,255.41,260.40,23263400,1
MSFT,2022-09-02,261.70,264.74,254.47,256.06,22855400,1
MSFT,2022-09-06,256.20,257.83,251.94,253.25,21328200,1
MSFT,2022-09-07,254.70,258.83,253.22,258.09,24126700,1
MSFT,2022-09-08,257.51,260.43,254.79,258.52,20319900,1
MSFT,2022-09-09,260.50,265.23,260.29,264.46,22084700,1
MSFT,2022-09-12,265.78,267.45,265.16,266.65,18747700,1
MSFT,2022-09-13,258.84,260.40,251.59,251.99,33353300,1
MSFT,2022-09-14,253.53,254.23,249.86,252.22,23913000,1
MSFT,2022-09-15,249.77,251.40,244.02,245.38,31530900,1
MSFT,2022-09-16,244.26,245.30,242.06,244.74,39791800,1
MSFT,2022-09-19,242.47,245.14,240.85,244.52,26826900,1
MSFT,2022-09-20,242.07,243.51,239.64,242.45,26660300,1
MSFT,2022-09-21,244.27,247.66,238.90,238.95,28625600,1
MSFT,2022-09-22,237.87,243.86,237.57,240.98,31061200,1
MSFT,2022-09-23,239.54,241.13,235.20,237.92,34176000,1
MSFT,2022-09-26,237.05,241.45,236.90,237.45,27694200,1
MSFT,2022-09-27,239.98,241.80,234.50,236.41,27018700,1
MSFT,2022-09-28,236.81,242.33,234.73,241.07,29029700,1
MSFT,2022-09-29,238.89,239.95,234.41,237.50,27484200,1
MSFT,2022-09-30,238.29,240.54,232.73,232.90,35694800,1
MSFT,2022-10-03,235.41,241.61,234.66,240.74,28880400,1
MSFT,2022-10-04,245.09,250.36,244.98,248.88,34888400,1
MSFT,2022-10-05,245.99,250.58,244.10,249.20,20347100,1
MSFT,2022-10-06,247.93,250.34,246.08,246.79,20239900,1
MSFT,2022-10-07,240.90,241.32,233.17,234.24,37769600,1
MSFT,2022-10-10,233.05,234.56,226.73,229.25,29743600,1
MSFT,2022-10-11,227.62,229.06,224.11,225.41,30474000,1
MSFT,2022-10-12,225.40,227.86,223.96,225.75,21903900,1
MSFT,2022-10-13,219.85,236.10,219.13,234.24,42551800,1
MSFT,2022-10-14,235.54,237.24,228.34,228.56,30198600,1
MSFT,2022-10-17,235.82,238.96,235.14,237.53,28142300,1
MSFT,2022-10-18,243.24,243.93,235.37,238.50,26329600,1
MSFT,2022-10-19,237.04,239.61,234.29,236.48,19985700,1
MSFT,2022-10-20,235.77,241.31,234.87,236.15,21811000,1
MSFT,2022-10-21,234.74,243.00,234.50,242.12,26299700,1
MSFT,2022-10-24,243.76,247.84,241.30,247.25,24911200,1
MSFT,2022-10-25,247.26,251.04,245.83,250.66,34775500,1
MSFT,2022-10-26,231.17,238.30,230.06,231.32,82543200,1
MSFT,2022-10-27,231.04,233.69,225.78,226.75,40424600,1
MSFT,2022-10-28,226.24,236.60,226.05,235.87,40647700,1
MSFT,2022-10-31,233.76,234.92,231.15,232.13,28357300,1
MSFT,2022-11-01,234.60,235.74,227.33,228.17,30592300,1
MSFT,2022-11-02,229.46,231.30,220.04,220.10,38407000,1
MSFT,2022-11-03,220.09,220.41,213.98,214.25,36633900,1
MSFT,2022-11-04,217.55,221.59,213.43,221.39,36789100,1
MSFT,2022-11-07,221.99,228.41,221.28,227.87,33498000,1
MSFT,2022-11-08,228.70,231.65,225.84,228.87,28192500,1
MSFT,2022-11-09,227.37,228.63,224.33,224.51,27852900,1
MSFT,2022-11-10,235.43,243.33,235.00,242.98,46268000,1
MSFT,2022-11-11,242.99,247.99,241.93,247.11,34620200,1
MSFT,2022-11-14,241.99,243.91,239.21,241.55,31123300,1
MSFT,2022-11-15,245.66,247.00,240.03,241.97,31390100,1
MSFT,2022-11-16,242.79,243.80,240.42,241.73,24093300,1
MSFT,2022-11-17,237.78,243.25,237.63,241.68,23123500,1
MSFT,2022-11-18,243.51,243.74,239.03,241.22,27613500,1
MSFT,2022-11-21,241.43,244.67,241.19,242.05,26394700,1
MSFT,2022-11-22,243.59,245.31,240.71,245.03,19665700,1
MSFT,2022-11-23,245.11,248.28,244.27,247.58,19508500,1
MSFT,2022-11-25,247.31,248.70,246.73,247.49,9200800,1
MSFT,2022-11-28,246.08,246.65,240.80,241.76,24778200,1
MSFT,2022-11-29,241.40,242.79,238.21,240.33,17956300,1
MSFT,2022-11-30,240.57,255.33,239.86,255.14,47594200,1
MSFT,2022-12-01,253.87,256.12,250.92,254.69,26041500,1
MSFT,2022-12-02,249.82,256.06,249.69,255.02,21528500,1
MSFT,2022-12-05,252.01,253.82,248.06,250.20,23435300,1
MSFT,2022-12-06,250.82,251.86,243.78,245.12,22463700,1
MSFT,2022-12-07,244.83,246.16,242.21,244.37,20481500,1
MSFT,2022-12-08,244.84,248.74,243.06,247.40,22611800,1
MSFT,2022-12-09,244.70,248.31,244.16,245.42,20609700,1
MSFT,2022-12-12,247.45,252.54,247.17,252.51,30665100,1
MSFT,2022-12-13,261.69,263.92,253.07,256.92,42196900,1
MSFT,2022-12-14,257.13,262.59,254.31,257.22,35410900,1
MSFT,2022-12-15,253.72,254.20,247.34,249.01,35560400,1
MSFT,2022-12-16,248.55,249.84,243.51,244.69,86102000,1
MSFT,2022-12-19,244.86,245.21,238.71,240.45,29696400,1
MSFT,2022-12-20,239.40,242.91,238.42,241.80,25150800,1
MSFT,2022-12-21,241.69,245.62,240.11,244.43,23690600,1
MSFT,2022-12-22,241.26,241.99,233.87,238.19,28651700,1
MSFT,2022-12-23,236.11,238.87,233.94,238.73,21207000,1
MSFT,2022-12-27,238.70,238.93,235.83,236.96,16688600,1
MSFT,2022-12-28,236.89,239.72,234.17,234.53,17457100,1
MSFT,2022-12-29,235.65,241.92,235.65,241.01,19770700,1
MSFT,2022-12-30,238.21,239.96,236.66,239.82,21938500,1
MSFT,2023-01-03,243.08,245.75,237.40,239.58,25740000,1
MSFT,2023-01-04,232.28,232.87,225.96,229.10,50623400,1
MSFT,2023-01-05,227.20,227.55,221.76,222.31,39585600,1
MSFT,2023-01-06,223.00,225.76,219.35,224.93,43613600,1
MSFT,2023-01-09,226.45,231.24,226.41,227.12,27369800,1
MSFT,2023-01-10,227.76,231.31,227.33,228.85,27033900,1
MSFT,2023-01-11,231.29,235.95,231.11,235.77,28669300,1
MSFT,2023-01-12,235.26,239.90,233.56,238.51,27269500,1
MSFT,2023-01-13,237.00,239.37,234.92,239.23,21333300,1
MSFT,2023-01-17,237.97,240.91,237.09,240.35,29831300,1
MSFT,2023-01-18,241.57,242.38,235.52,235.81,30028700,1
MSFT,2023-01-19,233.78,235.52,230.68,231.93,28623000,1
MSFT,2023-01-20,234.86,240.74,234.51,240.22,35389800,1
MSFT,2023-01-23,241.10,245.17,239.65,242.58,31934000,1
MSFT,2023-01-24,242.50,243.95,240.44,242.04,40234400,1
MSFT,2023-01-25,234.48,243.30,230.90,240.61,66526600,1
MSFT,2023-01-26,243.65,248.31,242.00,248.00,33454500,1
MSFT,2023-01-27,248.99,249.83,246.83,248.16,26498900,1
MSFT,2023-01-30,244.51,245.60,242.20,242.71,25867400,1
MSFT,2023-01-31,243.45,247.95,242.95,247.81,26541100,1
MSFT,2023-02-01,248.00,255.18,245.47,252.75,31259900,1
MSFT,2023-02-02,258.82,264.69,257.25,264.60,39940400,1
MSFT,2023-02-03,259.54,264.20,257.10,258.35,29077300,1
MSFT,2023-02-06,257.44,258.30,254.78,256.77,22518000,1
MSFT,2023-02-07,260.53,268.77,260.08,267.56,50841400,1
MSFT,2023-02-08,273.20,276.76,266.21,266.73,54686000,1
MSFT,2023-02-09,273.80,273.98,262.80,263.62,42375100,1
MSFT,2023-02-10,261.53,264.09,260.66,263.10,25818500,1
MSFT,2023-02-13,267.64,274.60,267.15,271.32,44630900,1
MSFT,2023-02-14,272.67,274.97,269.28,272.17,37047900,1
MSFT,2023-02-15,268.32,270.73,266.18,269.32,28922400,1
MSFT,2023-02-16,264.02,266.74,261.90,262.15,29603600,1
MSFT,2023-02-17,259.39,260.09,256.00,258.06,30000100,1
MSFT,2023-02-21,254.48,255.49,251.59,252.67,28397400,1
MSFT,2023-02-22,254.09,254.34,250.34,251.51,22491100,1
MSFT,2023-02-23,255.56,256.84,250.48,254.77,29219100,1
MSFT,2023-02-24,249.96,251.00,248.10,249.22,24990900,1
MSFT,2023-02-27,252.46,252.82,249.39,250.16,21190000,1
MSFT,2023-02-28,249.07,251.49,248.73,249.42,22491000,1
MSFT,2023-03-01,250.76,250.93,245.79,246.27,27565300,1
MSFT,2023-03-02,246.55,251.40,245.61,251.11,24808200,1
MSFT,2023-03-03,252.19,255.62,251.39,255.29,30760100,1
MSFT,2023-03-06,256.43,260.12,255.98,256.87,24109800,1
MSFT,2023-03-07,256.30,257.69,253.39,254.15,21473200,1
MSFT,2023-03-08,254.04,254.54,250.81,253.70,17340200,1
MSFT,2023-03-09,255.82,259.56,251.58,252.32,26653400,1
MSFT,2023-03-10,251.08,252.79,247.60,248.59,28333900,1
MSFT,2023-03-13,247.40,257.91,245.73,253.92,33339700,1
MSFT,2023-03-14,256.75,261.07,255.86,260.79,33620300,1
MSFT,2023-03-15,259.98,266.48,259.21,265.44,46028000,1
MSFT,2023-03-16,265.21,276.56,263.28,276.20,54768800,1
MSFT,2023-03-17,278.26,283.33,276.32,279.43,69527400,1
MSFT,2023-03-20,276.98,277.48,269.85,272.23,43466600,1
MSFT,2023-03-21,274.88,275.00,269.52,273.78,34558700,1
MSFT,2023-03-22,273.40,281.04,272.18,272.29,34873300,1
MSFT,2023-03-23,277.94,281.06,275.20,277.66,36610900,1
MSFT,2023-03-24,277.24,280.63,275.28,280.57,28172000,1
MSFT,2023-03-27,280.50,281.46,275.52,276.38,26840200,1
MSFT,2023-03-28,275.79,276.14,272.05,275.23,21878600,1
MSFT,2023-03-29,278.96,281.14,278.41,280.51,25087000,1
MSFT,2023-03-30,284.23,284.46,281.48,284.05,25053400,1
MSFT,2023-03-31,283.73,289.27,283.00,288.30,32766000,1
MSFT,2023-04-03,286.52,288.27,283.95,287.23,24883300,1
MSFT,2023-04-04,287.23,290.45,285.67,287.18,25824300,1
MSFT,2023-04-05,285.85,287.15,282.92,284.34,22064800,1
MSFT,2023-04-06,283.21,292.08,282.03,291.60,29770300,1
MSFT,2023-04-10,289.21,289.60,284.71,289.39,23103000,1
MSFT,2023-04-11,285.75,285.98,281.64,282.83,27276600,1
MSFT,2023-04-12,284.79,287.01,281.96,283.49,27403400,1
MSFT,2023-04-13,283.59,289.90,283.17,289.84,24222700,1
MSFT,2023-04-14,287.00,288.48,283.69,286.14,20987900,1
MSFT,2023-04-17,289.93,291.60,286.16,288.80,23836200,1
MSFT,2023-04-18,291.57,291.76,287.01,288.37,20161800,1
MSFT,2023-04-19,285.99,289.05,284.54,288.45,17150300,1
MSFT,2023-04-20,285.25,289.03,285.08,286.11,23244400,1
MSFT,2023-04-21,285.01,286.27,283.06,285.76,21676400,1
MSFT,2023-04-24,282.09,284.95,278.72,281.77,26611000,1
MSFT,2023-04-25,279.51,281.60,275.37,275.42,45772200,1
MSFT,2023-04-26,296.70,299.57,292.73,295.37,64599200,1
MSFT,2023-04-27,295.97,305.20,295.25,304.83,46462600,1
MSFT,2023-04-28,304.01,308.93,303.31,307.26,36469600,1
MSFT,2023-05-01,306.97,308.60,305.15,305.56,21294100,1
MSFT,2023-05-02,307.76,309.18,303.91,305.41,26404400,1
MSFT,2023-05-03,306.62,308.61,304.09,304.40,22360800,1
MSFT,2023-05-04,306.24,307.76,303.40,305.41,22519900,1
MSFT,2023-05-05,305.72,311.97,304.27,310.65,28197100,1
MSFT,2023-05-08,310.13,310.20,306.09,308.65,21318600,1
MSFT,2023-05-09,308.00,310.04,306.31,307.00,21340800,1
MSFT,2023-05-10,308.62,313.00,307.67,312.31,30078000,1
MSFT,2023-05-11,310.10,311.12,306.26,310.11,31680200,1
MSFT,2023-05-12,310.55,310.65,306.60,308.97,19774700,1
MSFT,2023-05-15,309.10,309.90,307.59,309.46,16336500,1
MSFT,2023-05-16,309.83,313.71,309.83,311.74,26730300,1
MSFT,2023-05-17,312.29,314.43,310.74,314.00,24315000,1
MSFT,2023-05-18,314.53,319.04,313.72,318.52,27276000,1
MSFT,2023-05-19,316.74,318.75,316.37,318.34,27546700,1
MSFT,2023-05-22,318.60,322.59,318.01,321.18,24115700,1
MSFT,2023-05-23,320.03,322.72,315.25,315.26,30797200,1
MSFT,2023-05-24,314.73,316.50,312.61,313.85,23384900,1
MSFT,2023-05-25,323.24,326.90,320.00,325.92,43301700,1
MSFT,2023-05-26,324.02,333.40,323.88,332.89,36630600,1
MSFT,2023-05-30,335.23,335.74,330.52,331.21,29503100,1
MSFT,2023-05-31,332.29,335.94,327.33,328.39,45950600,1
MSFT,2023-06-01,325.93,333.53,324.72,332.58,26773900,1
MSFT,2023-06-02,334.25,337.50,332.55,335.40,25873800,1
MSFT,2023-06-05,335.22,338.56,334.66,335.94,21307100,1
MSFT,2023-06-06,335.33,335.37,332.17,333.68,20396200,1
MSFT,2023-06-07,331.65,334.49,322.50,323.38,40717100,1
MSFT,2023-06-08,323.94,326.64,323.35,325.26,23277700,1
MSFT,2023-06-09,324.99,329.99,324.41,326.79,22529000,1
MSFT,2023-06-12,328.58,332.10,325.16,331.85,24260300,1
MSFT,2023-06-13,334.47,336.98,330.39,334.29,22951300,1
MSFT,2023-06-14,334.34,339.04,332.81,337.34,26003800,1
MSFT,2023-06-15,337.48,349.84,337.20,348.10,38899100,1
MSFT,2023-06-16,351.32,351.47,341.95,342.33,46552000,1
MSFT,2023-06-20,339.31,342.08,335.86,338.05,26375400,1
MSFT,2023-06-21,336.37,337.73,332.07,333.56,25117800,1
MSFT,2023-06-22,334.12,340.12,333.34,339.71,23556800,1
MSFT,2023-06-23,334.36,337.96,333.45,335.02,23146900,1
MSFT,2023-06-26,333.72,336.11,328.49,328.60,21520600,1
MSFT,2023-06-27,331.86,336.15,329.30,334.57,24354100,1
MSFT,2023-06-28,334.66,337.98,333.81,335.85,20259500,1
MSFT,2023-06-29,334.71,336.11,332.62,335.05,16997000,1
MSFT,2023-06-30,337.75,342.73,337.20,340.54,26832800,1
MSFT,2023-07-03,339.19,340.90,336.57,337.99,12508700,1
MSFT,2023-07-05,335.09,341.65,334.73,338.15,18172400,1
MSFT,2023-07-06,337.30,342.99,335.50,341.27,28161200,1
MSFT,2023-07-07,339.32,341.79,337.00,337.22,21214800,1
MSFT,2023-07-10,334.60,335.23,327.59,331.83,32791400,1
MSFT,2023-07-11,331.06,332.86,327.00,332.47,26698200,1
MSFT,2023-07-12,336.60,341.65,335.67,337.20,29995300,1
MSFT,2023-07-13,339.56,343.74,339.02,342.66,20567200,1
MSFT,2023-07-14,347.59,351.43,344.31,345.24,28352700,1
MSFT,2023-07-17,345.68,346.99,342.20,345.73,20363900,1
MSFT,2023-07-18,345.83,366.78,342.17,359.49,64738600,1
MSFT,2023-07-19,361.75,362.46,352.44,355.08,39732900,1
MSFT,2023-07-20,353.57,357.97,345.37,346.87,33778400,1
MSFT,2023-07-21,349.15,350.30,339.83,343.77,69405400,1
MSFT,2023-07-24,345.85,346.92,342.31,345.11,26678100,1
MSFT,2023-07-25,347.11,351.89,345.07,350.98,41637700,1
MSFT,2023-07-26,341.44,344.67,333.11,337.77,58383700,1
MSFT,2023-07-27,340.48,341.33,329.05,330.72,39635300,1
MSFT,2023-07-28,333.67,340.01,333.17,338.37,28484900,1
MSFT,2023-07-31,336.92,337.70,333.36,335.92,25446000,1
MSFT,2023-08-01,335.19,338.54,333.70,336.34,18311900,1
MSFT,2023-08-02,333.63,333.63,326.36,327.50,27761300,1
MSFT,2023-08-03,326.00,329.88,325.95,326.66,18253700,1
MSFT,2023-08-04,331.88,335.14,327.24,327.78,23741500,1
MSFT,2023-08-07,328.37,331.11,327.52,330.11,17741500,1
MSFT,2023-08-08,326.96,328.75,323.00,326.05,22327600,1
MSFT,2023-08-09,326.47,327.11,321.05,322.23,22373300,1
MSFT,2023-08-10,326.02,328.26,321.18,322.93,20113700,1
MSFT,2023-08-11,320.26,322.41,319.21,321.01,24355500,1
MSFT,2023-08-14,321.39,324.06,320.08,324.04,18836100,1
MSFT,2023-08-15,323.00,325.09,320.90,321.86,16966300,1
MSFT,2023-08-16,320.80,324.42,319.80,320.40,20698900,1
MSFT,2023-08-17,320.54,321.87,316.21,316.88,21257200,1
MSFT,2023-08-18,314.49,318.38,311.55,316.48,24755000,1
MSFT,2023-08-21,317.93,322.77,317.04,321.88,24040000,1
MSFT,2023-08-22,325.50,326.08,321.46,322.46,16084600,1
MSFT,2023-08-23,323.82,329.20,323.46,327.00,21166400,1
MSFT,2023-08-24,332.85,332.98,319.96,319.97,23281400,1
MSFT,2023-08-25,321.47,325.36,318.80,322.98,21684100,1
MSFT,2023-08-28,325.66,326.15,321.72,323.70,14808500,1
MSFT,2023-08-29,321.88,328.98,321.88,328.41,19284600,1
MSFT,2023-08-30,328.67,329.81,326.45,328.79,15222100,1
MSFT,2023-08-31,329.20,330.91,326.78,327.76,26411000,1
MSFT,2023-09-01,331.31,331.99,326.78,328.66,14942000,1
MSFT,2023-09-05,329.00,334.85,328.66,333.55,18553900,1
MSFT,2023-09-06,333.38,334.46,330.18,332.88,17535800,1
MSFT,2023-09-07,331.29,333.08,329.03,329.91,18381000,1
MSFT,2023-09-08,330.09,336.16,329.46,334.27,19530100,1
MSFT,2023-09-11,337.24,338.42,335.43,337.94,16583300,1
MSFT,2023-09-12,335.82,336.79,331.48,331.77,17565500,1
MSFT,2023-09-13,331.31,336.85,331.17,336.06,16544400,1
MSFT,2023-09-14,339.15,340.86,336.57,338.70,20267000,1
MSFT,2023-09-15,336.92,337.40,329.65,330.22,37679800,1
MSFT,2023-09-18,327.80,330.40,326.36,329.06,16834200,1
MSFT,2023-09-19,326.17,329.39,324.51,328.65,16505900,1
MSFT,2023-09-20,329.51,329.59,320.51,320.77,21436500,1
MSFT,2023-09-21,319.26,325.35,315.00,319.53,35560400,1
MSFT,2023-09-22,321.32,321.45,316.15,317.01,21447900,1
MSFT,2023-09-25,316.59,317.67,315.00,317.54,17836000,1
MSFT,2023-09-26,315.13,315.88,310.02,312.14,26297600,1
MSFT,2023-09-27,312.30,314.30,309.69,312.79,19410100,1
MSFT,2023-09-28,310.99,315.48,309.45,313.64,19683600,1
MSFT,2023-09-29,317.75,319.47,314.98,315.75,24147300,1
MSFT,2023-10-02,316.28,321.89,315.18,321.80,20570000,1
MSFT,2023-10-03,320.83,321.39,311.21,313.39,21033500,1
MSFT,2023-10-04,314.03,320.04,314.00,318.96,20720100,1
MSFT,2023-10-05,319.09,319.98,314.90,319.36,16965600,1
MSFT,2023-10-06,316.55,329.19,316.30,327.26,25673600,1
MSFT,2023-10-09,324.75,330.30,323.18,329.82,19891200,1
MSFT,2023-10-10,330.96,331.10,327.67,328.39,20557100,1
MSFT,2023-10-11,331.21,332.82,329.14,332.42,20063200,1
MSFT,2023-10-12,330.57,333.63,328.72,331.16,19313100,1
MSFT,2023-10-13,332.38,333.83,326.36,327.73,21072400,1
MSFT,2023-10-16,331.05,336.14,330.60,332.64,22158000,1
MSFT,2023-10-17,329.59,333.46,327.41,332.06,18338500,1
MSFT,2023-10-18,332.49,335.59,328.30,330.11,23153600,1
MSFT,2023-10-19,332.15,336.88,330.91,331.32,25052100,1
MSFT,2023-10-20,331.72,331.92,325.45,326.67,25027700,1
MSFT,2023-10-23,325.47,332.73,324.39,329.32,24374700,1
MSFT,2023-10-24,331.30,331.84,327.60,330.53,31153600,1
MSFT,2023-10-25,345.02,346.20,337.62,340.67,55053800,1
MSFT,2023-10-26,340.54,341.63,326.94,327.89,37828500,1
MSFT,2023-10-27,330.43,336.72,328.40,329.81,29856500,1
MSFT,2023-10-30,333.41,339.45,331.83,337.31,22828100,1
MSFT,2023-10-31,338.85,339.00,334.69,338.11,20265300,1
MSFT,2023-11-01,339.79,347.42,339.65,346.07,28158800,1
MSFT,2023-11-02,347.24,348.83,344.77,348.32,24348100,1
MSFT,2023-11-03,349.63,354.39,347.33,352.80,23637700,1
MSFT,2023-11-06,353.45,357.54,353.35,356.53,23828300,1
MSFT,2023-11-07,359.40,362.46,357.63,360.53,25833900,1
MSFT,2023-11-08,361.68,363.87,360.55,363.20,26767800,1
MSFT,2023-11-09,362.30,364.79,360.36,360.69,24847300,1
MSFT,2023-11-10,361.49,370.10,361.07,369.67,28042100,1
MSFT,2023-11-13,368.22,368.47,365.90,366.68,19986500,1
MSFT,2023-11-14,371.01,371.95,367.35,370.27,27683900,1
MSFT,2023-11-15,371.28,373.13,367.11,369.67,26860100,1
MSFT,2023-11-16,370.96,376.35,370.18,376.17,27182300,1
MSFT,2023-11-17,373.61,374.37,367.00,369.85,40157000,1
MSFT,2023-11-20,371.22,378.87,371.00,377.44,52465100,1
MSFT,2023-11-21,375.67,376.22,371.12,373.07,28423100,1
MSFT,2023-11-22,378.00,379.79,374.97,377.85,23345300,1
MSFT,2023-11-24,377.33,377.97,375.14,377.43,10176600,1
MSFT,2023-11-27,376.78,380.64,376.20,378.61,22179200,1
MSFT,2023-11-28,378.35,383.00,378.16,382.70,20453100,1
MSFT,2023-11-29,383.76,384.30,377.44,378.85,28963400,1
MSFT,2023-11-30,378.49,380.09,375.47,378.91,30554400,1
MSFT,2023-12-01,376.76,378.16,371.31,374.51,33040500,1
MSFT,2023-12-04,369.10,369.52,362.90,369.14,32063300,1
MSFT,2023-12-05,366.45,373.08,365.62,372.52,23065000,1
MSFT,2023-12-06,373.54,374.18,368.03,368.80,21182100,1
MSFT,2023-12-07,368.23,371.45,366.32,370.95,23118900,1
MSFT,2023-12-08,369.20,374.46,368.23,374.23,20154400,1
MSFT,2023-12-11,368.48,371.60,366.10,371.30,27708800,1
MSFT,2023-12-12,370.85,374.42,370.46,374.38,24838300,1
MSFT,2023-12-13,376.02,377.64,370.77,374.37,30955500,1
MSFT,2023-12-14,373.31,373.76,364.13,365.93,43277500,1
MSFT,2023-12-15,366.85,372.40,366.28,370.73,78502300,1
MSFT,2023-12-18,369.45,373.00,368.68,372.65,21802900,1
MSFT,2023-12-19,371.49,373.26,369.84,373.26,20603700,1
MSFT,2023-12-20,375.00,376.03,370.53,370.62,26316700,1
MSFT,2023-12-21,372.56,374.41,370.04,373.54,17708000,1
MSFT,2023-12-22,373.68,375.18,372.71,374.58,17107500,1
MSFT,2023-12-26,375.00,376.94,373.50,374.66,12673100,1
MSFT,2023-12-27,373.69,375.06,372.81,374.07,14905400,1
MSFT,2023-12-28,375.37,376.46,374.16,375.28,14327000,1
MSFT,2023-12-29,376.00,377.16,373.48,376.04,18730800,1
MSFT,2024-01-02,373.86,375.90,366.77,370.87,25258600,1
MSFT,2024-01-03,369.01,373.26,368.51,370.60,23083500,1
MSFT,2024-01-04,370.67,373.10,367.17,367.94,20901500,1
MSFT,2024-01-05,368.97,372.06,366.50,367.75,21004600,1
MSFT,2024-01-08,369.30,375.20,369.01,374.69,23134000,1
MSFT,2024-01-09,372.01,375.99,371.19,375.79,20830000,1
MSFT,2024-01-10,376.37,384.17,376.32,382.77,25514200,1
MSFT,2024-01-11,386.00,390.68,380.38,384.63,27850800,1
MSFT,2024-01-12,385.49,388.68,384.65,388.47,21661200,1
MSFT,2024-01-16,393.66,394.03,387.62,390.27,27202300,1
MSFT,2024-01-17,387.98,390.11,384.81,389.47,22234100,1
MSFT,2024-01-18,391.72,393.99,390.12,393.87,23392100,1
MSFT,2024-01-19,395.76,398.67,393.50,398.67,29331100,1
MSFT,2024-01-22,400.02,400.62,393.59,396.51,27016900,1
MSFT,2024-01-23,395.75,399.38,393.93,398.90,20525900,1
MSFT,2024-01-24,401.54,405.63,400.45,402.56,24867000,1
MSFT,2024-01-25,404.32,407.01,402.53,404.87,21021200,1
MSFT,2024-01-26,404.37,406.17,402.43,403.93,17803300,1
MSFT,2024-01-29,406.06,409.98,404.33,409.72,24510200,1
MSFT,2024-01-30,412.26,413.05,406.45,408.59,33477600,1
MSFT,2024-01-31,406.96,415.32,397.21,397.58,47871100,1
MSFT,2024-02-01,401.83,408.00,401.80,403.78,30657700,1
MSFT,2024-02-02,403.81,412.65,403.56,411.22,28256700,1
MSFT,2024-02-05,409.90,411.16,403.99,405.65,25352300,1
MSFT,2024-02-06,405.88,407.97,402.91,405.49,18382600,1
MSFT,2024-02-07,407.44,414.30,407.40,414.05,22340500,1
MSFT,2024-02-08,414.05,415.56,412.53,414.11,21225300,1
MSFT,2024-02-09,415.25,420.82,415.09,420.55,22032800,1
MSFT,2024-02-12,420.56,420.74,414.75,415.26,21202900,1
MSFT,2024-02-13,404.94,410.07,403.39,406.32,27824900,1
MSFT,2024-02-14,408.07,409.84,404.57,409.49,20401200,1
MSFT,2024-02-15,408.14,409.13,404.29,406.56,21825500,1
MSFT,2024-02-16,407.96,408.29,403.44,404.06,22296500,1
MSFT,2024-02-20,403.24,404.49,398.01,402.79,24307900,1
MSFT,2024-02-21,400.17,402.29,397.22,402.18,18518900,1
MSFT,2024-02-22,410.19,412.83,408.57,411.65,27009900,1
MSFT,2024-02-23,415.67,415.86,408.97,410.34,16295900,1
MSFT,2024-02-26,411.46,412.16,407.36,407.54,16193500,1
MSFT,2024-02-27,407.99,408.32,403.85,407.48,14835800,1
MSFT,2024-02-28,408.18,409.30,405.32,407.72,13183100,1
MSFT,2024-02-29,408.64,414.20,405.92,413.64,31947300,1
MSFT,2024-03-01,411.27,415.87,410.88,415.50,17823400,1
MSFT,2024-03-04,413.44,417.35,412.32,414.92,17596000,1
MSFT,2024-03-05,413.96,414.25,400.64,402.65,26919200,1
MSFT,2024-03-06,402.97,405.16,398.39,402.09,22344100,1
MSFT,2024-03-07,406.12,409.78,402.24,409.14,18718500,1
MSFT,2024-03-08,407.96,410.42,404.33,406.22,18002200,1
MSFT,2024-03-11,403.76,405.68,401.26,404.52,16120800,1
MSFT,2024-03-12,407.62,415.57,406.79,415.28,22457000,1
MSFT,2024-03-13,418.10,418.18,411.45,415.10,17115900,1
MSFT,2024-03-14,420.24,427.82,417.99,425.22,34157300,1
MSFT,2024-03-15,419.29,422.60,412.79,416.42,45079900,1
MSFT,2024-03-18,414.25,420.73,413.78,417.32,20106000,1
MSFT,2024-03-19,417.83,421.67,415.55,421.41,19837900,1
MSFT,2024-03-20,422.00,425.96,420.66,425.23,17860100,1
MSFT,2024-03-21,429.83,430.82,427.16,429.37,21296200,1
MSFT,2024-03-22,429.70,429.86,426.07,428.74,17648500,1
MSFT,2024-03-25,425.24,427.41,421.61,422.86,18060500,1
MSFT,2024-03-26,425.61,425.99,421.35,421.65,16725600,1
MSFT,2024-03-27,424.44,424.45,419.01,421.43,16705000,1
MSFT,2024-03-28,420.96,421.87,419.12,420.72,21871200,1
MSFT,2024-04-01,423.95,427.89,422.22,424.57,16316000,1
MSFT,2024-04-02,420.11,422.38,417.84,421.44,17912000,1
MSFT,2024-04-03,419.73,423.26,419.09,420.45,16502300,1
MSFT,2024-04-04,424.99,428.67,417.57,417.88,19370900,1
MSFT,2024-04-05,420.01,426.51,418.32,425.52,16554800,1
MSFT,2024-04-08,425.17,427.28,423.30,424.59,14272400,1
MSFT,2024-04-09,426.44,427.74,421.62,426.28,12496900,1
MSFT,2024-04-10,422.19,424.03,419.70,423.26,16216600,1
MSFT,2024-04-11,425.82,429.37,422.36,427.93,17966400,1
MSFT,2024-04-12,424.05,425.18,419.77,421.90,19253800,1
MSFT,2024-04-15,426.60,426.82,413.43,413.64,20273500,1
MSFT,2024-04-16,414.57,418.40,413.73,414.58,16765600,1
MSFT,2024-04-17,417.25,418.88,410.33,411.84,15855500,1
MSFT,2024-04-18,410.63,411.89,403.95,404.27,21029900,1
MSFT,2024-04-19,404.03,405.48,397.77,399.12,30565800,1
MSFT,2024-04-22,400.08,402.85,395.75,400.96,20286900,1
MSFT,2024-04-23,404.24,408.20,403.06,407.57,15734500,1
MSFT,2024-04-24,409.56,412.47,406.78,409.06,15065300,1
MSFT,2024-04-25,394.03,399.89,388.03,399.04,40586500,1
MSFT,2024-04-26,412.17,413.00,405.76,406.32,29694700,1
MSFT,2024-04-29,405.25,406.32,399.19,402.25,19582100,1
MSFT,2024-04-30,401.49,402.16,389.17,389.33,28781400,1
MSFT,2024-05-01,392.61,401.72,390.31,394.94,23562500,1
MSFT,2024-05-02,397.66,399.93,394.65,397.84,17709400,1
MSFT,2024-05-03,402.28,407.15,401.86,406.66,17446700,1
MSFT,2024-05-06,408.76,413.93,406.37,413.54,16996600,1
MSFT,2024-05-07,414.66,414.67,409.09,409.34,20018200,1
MSFT,2024-05-08,408.17,412.23,406.71,410.54,11792300,1
MSFT,2024-05-09,410.57,412.72,409.10,412.32,14689700,1
MSFT,2024-05-10,412.94,415.38,411.80,414.74,13402300,1
MSFT,2024-05-13,418.01,418.35,410.82,413.72,15440200,1
MSFT,2024-05-14,412.02,417.49,411.55,416.56,15109300,1
MSFT,2024-05-15,417.90,423.81,417.27,423.08,22239500,1
MSFT,2024-05-16,421.80,425.42,420.35,420.99,17530100,1
MSFT,2024-05-17,422.54,422.92,418.03,420.21,15352200,1
MSFT,2024-05-20,420.21,426.77,419.99,425.34,16272100,1
MSFT,2024-05-21,426.83,432.97,424.85,429.04,21453300,1
MSFT,2024-05-22,430.09,432.41,427.13,430.52,18073700,1
MSFT,2024-05-23,432.97,433.60,425.42,427.00,17211700,1
MSFT,2024-05-24,427.19,431.06,424.41,430.16,11855300,1
MSFT,2024-05-28,429.63,430.82,426.60,430.32,15718000,1
MSFT,2024-05-29,425.69,430.94,425.69,429.17,15517100,1
MSFT,2024-05-30,424.30,424.30,414.24,414.67,28394500,1
MSFT,2024-05-31,416.75,416.75,404.51,415.13,47995300,1
MSFT,2024-06-03,415.53,416.43,408.92,413.52,17484700,1
MSFT,2024-06-04,412.43,416.44,409.68,416.07,14348900,1
MSFT,2024-06-05,417.81,424.08,416.30,424.01,16988000,1
MSFT,2024-06-06,424.01,425.31,420.58,424.52,14861300,1
MSFT,2024-06-07,426.20,426.28,423.00,423.85,13621700,1
MSFT,2024-06-10,424.70,428.08,423.89,427.87,13982900,1
MSFT,2024-06-11,425.48,432.82,425.25,432.68,14551100,1
MSFT,2024-06-12,435.32,443.40,433.25,441.06,22366200,1
MSFT,2024-06-13,440.85,443.39,439.37,441.58,15960600,1
MSFT,2024-06-14,438.28,443.14,436.72,442.57,13582000,1
MSFT,2024-06-17,442.59,450.94,440.72,448.37,20790000,1
MSFT,2024-06-18,449.71,450.14,444.89,446.34,17112500,1
MSFT,2024-06-20,446.30,446.53,441.27,445.70,19877400,1
MSFT,2024-06-21,447.38,450.58,446.51,449.78,34187100,1
MSFT,2024-06-24,449.80,452.75,446.41,447.67,15913700,1
MSFT,2024-06-25,448.25,451.42,446.75,450.95,16413400,1
MSFT,2024-06-26,449.00,453.60,448.19,452.16,16507000,1
MSFT,2024-06-27,452.18,456.17,451.77,452.85,14806300,1
MSFT,2024-06-28,453.07,455.38,446.41,446.95,28362300,1
MSFT,2024-07-01,448.66,457.37,445.66,456.73,17662800,1
MSFT,2024-07-02,453.20,459.59,453.11,459.28,13979800,1
MSFT,2024-07-03,458.19,461.02,457.88,460.77,9932800,1
MSFT,2024-07-05,459.61,468.35,458.97,467.56,16000300,1
MSFT,2024-07-08,466.55,467.70,464.46,466.24,12962300,1
MSFT,2024-07-09,467.00,467.33,458.00,459.54,17207200,1
MSFT,2024-07-10,461.22,466.46,458.86,466.25,18196100,1
MSFT,2024-07-11,462.98,464.78,451.55,454.70,23111200,1
MSFT,2024-07-12,454.33,456.36,450.65,453.55,16324300,1
MSFT,2024-07-15,453.30,457.26,451.43,453.96,14429400,1
MSFT,2024-07-16,454.22,454.30,446.66,449.52,17175700,1
MSFT,2024-07-17,442.59,444.85,439.18,443.52,21778000,1
MSFT,2024-07-18,444.34,444.65,434.40,440.37,20794800,1
MSFT,2024-07-19,433.10,441.14,432.00,437.11,20940400,1
MSFT,2024-07-22,441.79,444.60,438.91,442.94,15808800,1
MSFT,2024-07-23,443.90,448.39,443.10,444.85,13107100,1
MSFT,2024-07-24,440.45,441.48,427.59,428.90,26805800,1
MSFT,2024-07-25,428.80,429.80,417.51,418.40,29943800,1
MSFT,2024-07-26,418.20,428.92,417.27,425.27,23583800,1
MSFT,2024-07-29,431.58,432.15,424.70,426.73,15125800,1
MSFT,2024-07-30,427.72,429.05,417.36,422.92,32687600,1
MSFT,2024-07-31,420.50,421.78,412.21,418.35,42891400,1
MSFT,2024-08-01,420.79,427.46,413.09,417.11,30296400,1
MSFT,2024-08-02,412.49,415.00,404.34,408.49,29437900,1
MSFT,2024-08-05,389.17,401.04,385.58,395.15,40709200,1
MSFT,2024-08-06,400.00,405.67,398.50,399.61,24946500,1
MSFT,2024-08-07,408.64,410.08,397.47,398.43,20650900,1
MSFT,2024-08-08,402.44,405.86,399.94,402.69,20203000,1
MSFT,2024-08-09,404.03,408.05,402.26,406.02,19276700,1
MSFT,2024-08-12,407.06,408.76,404.24,406.81,16762900,1
MSFT,2024-08-13,409.59,414.95,409.57,414.01,19414300,1
MSFT,2024-08-14,414.80,417.72,412.45,416.86,18267000,1
MSFT,2024-08-15,419.80,421.11,417.66,421.03,20752100,1
MSFT,2024-08-16,420.60,421.34,417.30,418.47,22775600,1
MSFT,2024-08-19,418.96,421.75,416.46,421.53,15234000,1
MSFT,2024-08-20,421.70,425.86,421.64,424.80,16387600,1
MSFT,2024-08-21,424.08,426.40,421.72,424.14,16067300,1
MSFT,2024-08-22,424.36,426.79,414.61,415.55,19361900,1
MSFT,2024-08-23,416.98,419.26,412.09,416.79,18493800,1
MSFT,2024-08-26,416.37,417.28,411.34,413.49,13152800,1
MSFT,2024-08-27,412.86,414.36,410.25,413.84,13492900,1
MSFT,2024-08-28,414.88,415.00,407.31,410.60,14882700,1
MSFT,2024-08-29,414.94,422.05,410.60,413.12,17045200,1
MSFT,2024-08-30,415.60,417.49,412.13,417.14,24308300,1
MSFT,2024-09-03,417.91,419.88,407.03,409.44,20313600,1
MSFT,2024-09-04,405.91,411.24,404.37,408.90,15135800,1
MSFT,2024-09-05,407.62,413.10,406.13,408.39,14195500,1
MSFT,2024-09-06,409.06,410.65,400.80,401.70,19609500,1
MSFT,2024-09-09,407.24,408.65,402.15,405.72,15295100,1
MSFT,2024-09-10,408.20,416.33,407.70,414.20,19594300,1
MSFT,2024-09-11,415.50,423.99,409.58,423.04,19266900,1
MSFT,2024-09-12,423.31,427.37,419.75,427.00,17395700,1
MSFT,2024-09-13,425.83,431.83,425.46,430.59,15874600,1
MSFT,2024-09-16,430.60,433.53,428.22,431.34,13834700,1
MSFT,2024-09-17,440.23,441.85,432.27,435.15,18874200,1
MSFT,2024-09-18,435.00,436.03,430.41,430.81,18898000,1
MSFT,2024-09-19,441.23,441.50,436.90,438.69,21706600,1
MSFT,2024-09-20,437.22,439.24,434.22,435.27,55167100,1
MSFT,2024-09-23,434.28,436.46,430.39,433.51,15128900,1
MSFT,2024-09-24,433.00,433.35,426.10,429.17,17015800,1
MSFT,2024-09-25,429.83,433.12,428.57,432.11,13396400,1
MSFT,2024-09-26,435.09,435.30,429.13,431.31,14492000,1
MSFT,2024-09-27,431.52,431.85,427.47,428.02,14896100,1
MSFT,2024-09-30,428.21,430.42,425.37,430.30,16807300,1
MSFT,2024-10-01,428.45,428.48,418.81,420.69,19092900,1
MSFT,2024-10-02,422.58,422.82,416.71,417.13,16582300,1
MSFT,2024-10-03,417.63,419.55,414.29,416.54,13686400,1
MSFT,2024-10-04,418.24,419.75,414.97,416.06,19169700,1
MSFT,2024-10-07,416.00,417.11,409.00,409.54,20919800,1
MSFT,2024-10-08,410.90,415.66,408.17,414.71,19229300,1
MSFT,2024-10-09,415.86,420.38,414.30,417.46,14974300,1
MSFT,2024-10-10,415.23,417.35,413.15,415.84,13848400,1
MSFT,2024-10-11,416.14,417.13,413.25,416.32,14144900,1
MSFT,2024-10-14,417.77,424.04,417.52,419.14,16653100,1
MSFT,2024-10-15,422.18,422.48,415.26,418.74,18900200,1
MSFT,2024-10-16,415.17,416.36,410.48,416.12,15508900,1
MSFT,2024-10-17,422.36,422.50,415.59,416.72,14820000,1
MSFT,2024-10-18,417.14,419.65,416.26,418.16,17145300,1
MSFT,2024-10-21,416.12,418.96,413.75,418.78,14206100,1
MSFT,2024-10-22,418.49,430.58,418.04,427.51,25482200,1
MSFT,2024-10-23,430.86,431.08,422.53,424.60,19654400,1
MSFT,2024-10-24,425.33,425.98,422.40,424.73,13581600,1
MSFT,2024-10-25,426.76,432.52,426.57,428.15,16899100,1
MSFT,2024-10-28,431.66,431.94,426.30,426.59,14882400,1
MSFT,2024-10-29,428.00,433.17,425.80,431.95,17644100,1
MSFT,2024-10-30,437.44,438.50,432.10,432.53,29749100,1
MSFT,2024-10-31,415.36,416.16,406.30,406.35,53971000,1
MSFT,2024-11-01,409.01,415.50,407.50,410.37,24230400,1
MSFT,2024-11-04,409.80,410.42,405.57,408.46,19672300,1
MSFT,2024-11-05,408.37,414.90,408.08,411.46,17626000,1
MSFT,2024-11-06,412.42,420.45,410.52,420.18,26681800,1
MSFT,2024-11-07,421.28,426.85,419.88,425.43,19901800,1
MSFT,2024-11-08,425.32,426.50,421.78,422.54,16891400,1
MSFT,2024-11-11,422.52,424.81,416.00,418.01,24503300,1
MSFT,2024-11-12,418.25,424.44,417.20,423.03,19401200,1
MSFT,2024-11-13,421.64,429.33,418.21,425.20,21502200,1
MSFT,2024-11-14,425.00,428.17,420.00,426.89,30246900,1
MSFT,2024-11-15,419.82,422.80,413.64,415.00,28247600,1
MSFT,2024-11-18,414.87,418.40,412.10,415.76,24727000,1
MSFT,2024-11-19,413.11,417.94,411.55,417.79,18133500,1
MSFT,2024-11-20,416.87,417.29,410.58,415.49,19191700,1
MSFT,2024-11-21,419.50,419.78,410.29,412.87,20780200,1
MSFT,2024-11-22,411.37,417.40,411.06,417.00,24814600,1
MSFT,2024-11-25,418.38,421.08,414.85,418.79,27691100,1
MSFT,2024-11-26,419.59,429.04,418.85,427.99,23458900,1
MSFT,2024-11-27,425.11,427.23,422.02,422.99,18332400,1
MSFT,2024-11-29,420.09,424.88,417.80,423.46,16271900,1
MSFT,2024-12-02,421.57,433.00,421.31,430.98,20207200,1
MSFT,2024-12-03,429.84,432.47,427.74,431.20,18302000,1
MSFT,2024-12-04,433.03,439.67,432.63,437.42,26009400,1
MSFT,2024-12-05,437.92,444.66,436.17,442.62,21697800,1
MSFT,2024-12-06,442.30,446.10,441.77,443.57,18821000,1
MSFT,2024-12-09,442.60,448.33,440.50,446.02,19144400,1
MSFT,2024-12-10,444.39,449.62,441.60,443.33,18469500,1
MSFT,2024-12-11,444.05,450.35,444.05,448.99,19200200,1
MSFT,2024-12-12,449.11,456.16,449.11,449.56,20834800,1
MSFT,2024-12-13,448.44,451.43,445.58,447.27,20177800,1
MSFT,2024-12-16,447.27,452.18,445.28,451.59,23598800,1
MSFT,2024-12-17,451.01,455.29,449.57,454.46,22733500,1
MSFT,2024-12-18,451.32,452.65,437.02,437.39,24444500,1
MSFT,2024-12-19,441.62,443.18,436.32,437.03,22963700,1
MSFT,2024-12-20,433.11,443.74,428.63,436.60,64263700,1
MSFT,2024-12-23,436.74,437.65,432.83,435.25,19152500,1
MSFT,2024-12-24,434.65,439.60,434.19,439.33,7164500,1
MSFT,2024-12-26,439.08,440.94,436.63,438.11,8194200,1
MSFT,2024-12-27,434.60,435.22,426.35,430.53,18117700,1
MSFT,2024-12-30,426.06,427.55,421.90,424.83,13158700,1
MSFT,2024-12-31,426.10,426.73,420.66,421.50,13246500,1
MSFT,2025-01-02,425.53,426.07,414.85,418.58,16896500,1
MSFT,2025-01-03,421.08,424.03,419.54,423.35,16662900,1
MSFT,2025-01-06,428.00,434.32,425.48,427.85,20573600,1
MSFT,2025-01-07,429.00,430.65,420.80,422.37,18139100,1
MSFT,2025-01-08,423.46,426.97,421.54,424.56,15054600,1
MSFT,2025-01-10,424.63,424.71,415.02,418.95,20201100,1
MSFT,2025-01-13,415.24,418.50,412.29,417.19,17604800,1
MSFT,2025-01-14,417.81,419.74,410.72,415.67,16935900,1
MSFT,2025-01-15,419.13,428.15,418.27,426.31,19637800,1
MSFT,2025-01-16,428.70,429.49,424.39,424.58,15300000,1
MSFT,2025-01-17,434.09,434.48,428.17,429.03,26197500,1
MSFT,2025-01-21,430.20,430.90,425.60,428.50,26085700,1
MSFT,2025-01-22,437.56,447.27,436.00,446.20,27803800,1
MSFT,2025-01-23,442.00,446.75,441.50,446.71,18389300,1
MSFT,2025-01-24,445.16,446.65,441.40,444.06,15549500,1
MSFT,2025-01-27,424.01,435.20,423.50,434.56,35647800,1
MSFT,2025-01-28,434.60,448.38,431.38,447.20,23491700,1
MSFT,2025-01-29,446.69,446.88,440.40,442.33,23581400,1
MSFT,2025-01-30,418.77,422.86,413.16,414.99,54586300,1
MSFT,2025-01-31,418.98,420.69,414.91,415.06,34161900,1
MSFT,2025-02-03,411.60,415.41,408.66,410.92,25679100,1
MSFT,2025-02-04,412.69,413.92,409.74,412.37,20532100,1
MSFT,2025-02-05,412.35,413.83,410.40,413.29,16316700,1
MSFT,2025-02-06,414.00,418.20,414.00,415.82,16309800,1
MSFT,2025-02-07,416.48,418.65,408.10,409.75,22886800,1
MSFT,2025-02-10,413.71,415.46,410.92,412.22,20817900,1
MSFT,2025-02-11,409.64,412.49,409.30,411.44,18140600,1
MSFT,2025-02-12,407.21,410.75,404.37,409.04,19121700,1
MSFT,2025-02-13,407.00,411.00,406.36,410.54,23891700,1
MSFT,2025-02-14,407.79,408.91,405.88,408.43,22758500,1
MSFT,2025-02-18,408.00,410.60,406.50,409.64,21423100,1
MSFT,2025-02-19,407.88,415.49,407.65,414.77,24114200,1
MSFT,2025-02-20,415.29,419.31,412.54,416.13,23508700,1
MSFT,2025-02-21,417.34,418.05,407.89,408.21,27524800,1
MSFT,2025-02-24,408.51,409.37,399.32,404.00,26443700,1
MSFT,2025-02-25,401.10,401.92,396.70,397.90,29387400,1
MSFT,2025-02-26,398.01,403.60,394.25,399.73,19619000,1
MSFT,2025-02-27,401.27,405.74,392.17,392.53,21127400,1
MSFT,2025-02-28,392.66,397.63,386.57,396.99,32845700,1
MSFT,2025-03-03,398.82,398.82,386.16,388.49,23007700,1
MSFT,2025-03-04,383.40,392.58,381.00,388.61,29342900,1
MSFT,2025-03-05,389.34,401.67,388.81,401.02,23433100,1
MSFT,2025-03-06,394.28,402.15,392.68,396.89,23304600,1
MSFT,2025-03-07,392.32,394.80,385.54,393.31,22034100,1
MSFT,2025-03-10,385.84,386.40,377.22,380.16,32840100,1
MSFT,2025-03-11,379.00,386.00,376.91,380.45,30380200,1
MSFT,2025-03-12,382.95,385.22,378.95,383.27,24253600,1
MSFT,2025-03-13,383.16,385.32,377.45,378.77,20473000,1
MSFT,2025-03-14,379.78,390.23,379.51,388.56,19952800,1
MSFT,2025-03-17,386.70,392.71,385.57,388.70,22474300,1
MSFT,2025-03-18,387.07,387.37,381.10,383.52,19486900,1
MSFT,2025-03-19,385.53,389.68,384.00,387.82,19185500,1
MSFT,2025-03-20,385.74,391.79,383.28,386.84,18470500,1
MSFT,2025-03-21,383.22,391.74,382.80,391.26,39675900,1
MSFT,2025-03-24,395.40,395.40,389.81,393.08,21004500,1
MSFT,2025-03-25,393.92,396.36,392.64,395.16,15775000,1
MSFT,2025-03-26,395.00,395.31,388.57,389.97,16108400,1
MSFT,2025-03-27,390.13,392.24,387.40,390.58,13766800,1
MSFT,2025-03-28,388.08,389.13,376.93,378.80,21632000,1
MSFT,2025-03-31,372.54,377.07,367.24,375.39,35184700,1
MSFT,2025-04-01,374.65,382.85,373.23,382.19,19689500,1
MSFT,2025-04-02,377.97,385.08,376.62,382.14,16092600,1
MSFT,2025-04-03,374.79,377.48,369.35,373.11,30198000,1
MSFT,2025-04-04,364.13,374.59,359.48,359.84,49209900,1
MSFT,2025-04-07,350.88,371.00,344.79,357.86,50425000,1
MSFT,2025-04-08,368.26,373.65,350.25,354.56,35868900,1
MSFT,2025-04-09,353.54,393.23,353.10,390.49,50199700,1
MSFT,2025-04-10,382.06,383.90,367.80,381.35,38024400,1
MSFT,2025-04-11,380.64,390.05,378.89,388.45,23839200,1
MSFT,2025-04-14,393.22,394.65,384.21,387.81,19251200,1
MSFT,2025-04-15,388.51,391.89,384.16,385.73,17199900,1
MSFT,2025-04-16,380.67,381.61,368.00,371.61,21967800,1
MSFT,2025-04-17,373.75,374.32,366.89,367.78,21120200,1
MSFT,2025-04-21,362.82,364.48,355.67,359.12,20807300,1
MSFT,2025-04-22,363.38,367.77,359.86,366.82,19485000,1
MSFT,2025-04-23,376.06,380.39,373.02,374.39,20545500,1
MSFT,2025-04-24,375.70,388.45,375.19,387.30,22232300,1
MSFT,2025-04-25,387.00,392.16,384.60,391.85,18973200,1
MSFT,2025-04-28,391.96,392.74,386.64,391.16,16579400,1
MSFT,2025-04-29,391.30,395.10,390.38,394.04,14974000,1
MSFT,2025-04-30,390.30,396.66,384.44,395.26,36461100,1
MSFT,2025-05-01,431.11,436.99,424.90,425.40,58938100,1
MSFT,2025-05-02,431.74,439.44,429.99,435.28,30757400,1
MSFT,2025-05-05,432.87,439.50,432.11,436.17,20136100,1
MSFT,2025-05-06,432.20,437.73,431.17,433.31,15104200,1
MSFT,2025-05-07,433.84,438.12,431.11,433.35,23295300,1
MSFT,2025-05-08,437.93,443.67,435.66,438.17,23491300,1
MSFT,2025-05-09,440.00,440.74,435.88,438.73,15324200,1
MSFT,2025-05-12,445.94,449.37,439.78,449.26,22821900,1
MSFT,2025-05-13,447.78,450.67,445.36,449.14,23618800,1
MSFT,2025-05-14,448.14,453.90,448.14,452.94,19902800,1
MSFT,2025-05-15,450.77,456.19,450.43,453.13,21992300,1
MSFT,2025-05-16,452.05,454.36,448.73,454.27,23849800,1
MSFT,2025-05-19,450.88,459.59,450.80,458.87,21336500,1
MSFT,2025-05-20,455.59,458.34,454.32,458.17,15441800,1
MSFT,2025-05-21,454.57,457.78,451.81,452.57,19216900,1
MSFT,2025-05-22,454.95,460.25,453.90,454.86,18025600,1
MSFT,2025-05-23,449.98,453.69,448.91,450.18,16883500,1
MSFT,2025-05-27,456.48,460.95,456.12,460.69,20974300,1
MSFT,2025-05-28,461.22,462.52,456.93,457.36,17086300,1
MSFT,2025-05-29,461.55,461.72,455.31,458.68,13974800,1
MSFT,2025-05-30,459.72,461.68,455.54,460.36,34770500,1
MSFT,2025-06-02,457.14,462.11,456.89,461.97,16626500,1
MSFT,2025-06-03,461.47,464.14,460.86,462.97,15743800,1
MSFT,2025-06-04,464.00,465.69,463.02,463.87,14162700,1
MSFT,2025-06-05,464.96,469.65,464.03,467.68,20131700,1
MSFT,2025-06-06,470.09,473.34,468.78,470.38,15285600,1
MSFT,2025-06-09,469.70,473.43,468.62,472.75,16469900,1
MSFT,2025-06-10,471.19,472.80,466.96,470.92,15375900,1
MSFT,2025-06-11,470.02,475.47,469.66,472.62,16399200,1
MSFT,2025-06-12,475.02,480.42,473.52,478.87,18950600,1
MSFT,2025-06-13,476.41,479.18,472.76,474.96,16814500,1
MSFT,2025-06-16,475.21,480.69,475.00,479.14,15626100,1
MSFT,2025-06-17,475.40,478.74,474.08,478.04,15414100,1
MSFT,2025-06-18,478.00,481.00,474.46,480.24,17526500,1
MSFT,2025-06-20,482.23,483.46,476.87,477.40,37576200,1
MSFT,2025-06-23,478.21,487.75,472.51,486.00,24864000,1
MSFT,2025-06-24,488.95,491.85,486.80,490.11,22305600,1
MSFT,2025-06-25,492.04,494.56,489.39,492.27,17495100,1
MSFT,2025-06-26,492.98,498.04,492.81,497.45,21578900,1
MSFT,2025-06-27,497.55,499.30,493.03,495.94,34539200,1
MSFT,2025-06-30,497.04,500.76,495.33,497.41,28369000,1
MSFT,2025-07-01,496.47,498.05,490.98,492.05,19945400,1
MSFT,2025-07-02,489.99,493.50,488.70,491.09,16319600,1
MSFT,2025-07-03,493.81,500.13,493.44,498.84,13984800,1
MSFT,2025-07-07,497.38,498.75,495.23,497.72,13981600,1
MSFT,2025-07-08,497.24,498.20,494.11,496.62,11846600,1
MSFT,2025-07-09,500.30,506.78,499.74,503.51,18659500,1
MSFT,2025-07-10,503.05,504.44,497.75,501.48,16492100,1
MSFT,2025-07-11,498.47,505.03,497.80,503.32,16459500,1
MSFT,2025-07-14,501.52,503.97,501.03,503.02,12058800,1
MSFT,2025-07-15,503.02,508.30,502.79,505.82,14927200,1
MSFT,2025-07-16,505.18,506.72,501.89,505.62,15154400,1
MSFT,2025-07-17,505.68,513.37,505.62,511.70,17503100,1
MSFT,2025-07-18,514.48,514.64,507.43,510.05,21209700,1
MSFT,2025-07-21,506.71,512.09,505.55,510.06,14066800,1
MSFT,2025-07-22,510.97,511.20,505.27,505.27,13868600,1
MSFT,2025-07-23,506.75,506.79,500.70,505.87,16396600,1
MSFT,2025-07-24,508.77,513.67,507.30,510.88,16107000,1
MSFT,2025-07-25,512.47,518.29,510.36,513.71,19125700,1
MSFT,2025-07-28,514.08,515.00,510.12,512.50,14308000,1
MSFT,2025-07-29,515.53,517.62,511.56,512.57,16469200,1
MSFT,2025-07-30,515.17,515.95,509.44,513.24,26380400,1
MSFT,2025-07-31,555.23,555.45,531.90,533.50,51617300,1
MSFT,2025-08-01,535.00,535.80,520.86,524.11,28977600,1
MSFT,2025-08-04,528.27,538.25,528.13,535.64,25349000,1
MSFT,2025-08-05,537.18,537.30,527.24,527.75,19171600,1
MSFT,2025-08-06,530.90,531.70,524.03,524.94,21355700,1
MSFT,2025-08-07,526.80,528.09,517.55,520.84,16079100,1
MSFT,2025-08-08,522.60,524.66,519.41,522.04,15531000,1
MSFT,2025-08-11,522.30,527.59,519.72,521.77,20194400,1
MSFT,2025-08-12,523.75,530.98,522.70,529.24,18667000,1
MSFT,2025-08-13,532.11,532.70,519.37,520.58,19619200,1
MSFT,2025-08-14,522.56,525.95,520.14,522.48,20269100,1
MSFT,2025-08-15,522.77,526.10,519.08,520.17,25213300,1
MSFT,2025-08-18,521.59,522.82,514.02,517.10,23760600,1
MSFT,2025-08-19,515.00,515.16,508.55,509.77,21481000,1
MSFT,2025-08-20,509.87,511.00,504.44,505.72,27723000,1
MSFT,2025-08-21,503.69,507.63,502.72,504.24,18443300,1
MSFT,2025-08-22,504.25,510.73,502.41,507.23,24324200,1
MSFT,2025-08-25,506.63,508.19,504.12,504.26,21638600,1
MSFT,2025-08-26,504.36,504.98,498.51,502.04,30835700,1
MSFT,2025-08-27,502.00,507.29,499.90,506.74,17277900,1
MSFT,2025-08-28,507.09,511.09,505.50,509.64,18015600,1
MSFT,2025-08-29,508.66,509.60,504.49,506.69,20961600,1
MSFT,2025-09-02,500.47,506.00,496.81,505.12,18128000,1
MSFT,2025-09-03,503.79,507.79,502.32,505.35,16345100,1
MSFT,2025-09-04,504.30,508.15,503.15,507.97,15509500,1
MSFT,2025-09-05,509.07,511.97,492.37,495.00,31994800,1
MSFT,2025-09-08,498.11,501.20,495.03,498.20,16771000,1
MSFT,2025-09-09,501.43,502.25,497.70,498.41,14410500,1
MSFT,2025-09-10,502.98,503.23,496.72,500.37,21611800,1
MSFT,2025-09-11,502.25,503.17,497.88,501.01,18881600,1
MSFT,2025-09-12,506.65,512.55,503.85,509.90,23624900,1
MSFT,2025-09-15,508.79,515.47,507.00,515.36,17143800,1
MSFT,2025-09-16,516.88,517.23,508.60,509.04,19711900,1
MSFT,2025-09-17,510.62,511.29,505.93,510.02,15816600,1
MSFT,2025-09-18,511.49,513.07,507.66,508.45,18913700,1
MSFT,2025-09-19,510.56,519.30,510.31,517.93,52474100,1
MSFT,2025-09-22,515.59,517.74,512.54,514.45,20009300,1
MSFT,2025-09-23,513.80,514.59,507.31,509.23,19799600,1
MSFT,2025-09-24,510.38,512.48,506.92,510.15,13533700,1
MSFT,2025-09-25,508.30,510.01,505.04,507.03,15786500,1
MSFT,2025-09-26,510.06,513.94,506.62,511.46,16213100,1
MSFT,2025-09-29,511.50,516.85,508.88,514.60,17617800,1
MSFT,2025-09-30,513.24,518.16,509.66,517.95,19728200,1
MSFT,2025-10-01,514.80,520.51,511.69,519.71,22632300,1
MSFT,2025-10-02,517.64,521.60,510.68,515.74,21222900,1
MSFT,2025-10-03,517.10,520.49,515.00,517.35,15112300,1
MSFT,2025-10-06,518.61,531.03,518.20,528.57,21388600,1
MSFT,2025-10-07,528.29,529.80,521.44,523.98,14615200,1
MSFT,2025-10-08,523.28,526.95,523.09,524.85,13363400,1
MSFT,2025-10-09,522.34,524.33,517.40,522.40,18343600,1
MSFT,2025-10-10,519.64,523.58,509.63,510.96,24133800,1
MSFT,2025-10-13,516.41,516.41,511.68,514.05,14284200,1
MSFT,2025-10-14,510.23,515.28,506.00,513.57,14684300,1
MSFT,2025-10-15,514.96,517.19,510.00,513.43,14694700,1
MSFT,2025-10-16,512.58,516.85,508.13,511.61,15559600,1
MSFT,2025-10-17,509.04,515.48,507.31,513.58,19867800,1
MSFT,2025-10-20,514.61,518.70,513.43,516.79,14665600,1
MSFT,2025-10-21,517.50,518.69,513.04,517.66,15586200,1
MSFT,2025-10-22,521.15,525.23,517.71,520.54,18962700,1
MSFT,2025-10-23,522.46,523.95,518.61,520.56,14023500,1
MSFT,2025-10-24,522.79,525.35,520.71,523.61,15532400,1
MSFT,2025-10-27,531.78,534.58,529.01,531.52,18734700,1
MSFT,2025-10-28,550.00,553.72,540.77,542.07,29986700,1
MSFT,2025-10-29,544.94,546.27,536.73,541.55,36023000,1
MSFT,2025-10-30,530.48,534.97,522.12,525.76,41023100,1
MSFT,2025-10-31,528.88,529.32,515.10,517.81,34006400,1
MSFT,2025-11-03,519.81,524.96,514.59,517.03,22374700,1
MSFT,2025-11-04,511.76,515.55,507.84,514.33,20958700,1
MSFT,2025-11-05,513.30,514.83,506.58,507.16,23024300,1
MSFT,2025-11-06,505.66,505.70,495.81,497.10,27406500,1
MSFT,2025-11-07,496.95,499.38,493.25,496.82,24019800,1
MSFT,2025-11-10,500.04,506.85,498.80,506.00,26101500,1
MSFT,2025-11-11,504.80,509.60,502.35,508.68,17980000,1
MSFT,2025-11-12,509.36,511.67,499.12,511.14,26574900,1
MSFT,2025-11-13,510.31,513.50,501.29,503.29,25273100,1
MSFT,2025-11-14,498.23,511.60,497.44,510.18,28505700,1
MSFT,2025-11-17,508.45,512.12,504.91,507.49,19092800,1
MSFT,2025-11-18,495.37,502.98,486.78,493.79,33815100,1
MSFT,2025-11-19,490.10,495.19,482.83,487.12,23245300,1
MSFT,2025-11-20,492.71,493.57,475.50,478.43,26802500,1
MSFT,2025-11-21,478.50,478.92,468.27,472.12,31769200,1
MSFT,2025-11-24,475.00,476.90,468.02,474.00,34421000,1
MSFT,2025-11-25,474.07,479.15,464.89,476.99,28019800,1
MSFT,2025-11-26,486.31,488.31,481.20,485.50,25709100,1
MSFT,2025-11-28,487.60,492.63,486.65,492.01,14386700,1
MSFT,2025-12-01,488.44,489.86,484.65,486.74,23964000,1
MSFT,2025-12-02,486.72,493.50,486.32,490.00,19562700,1
MSFT,2025-12-03,476.32,484.24,475.20,477.73,34615100,1
MSFT,2025-12-04,479.76,481.32,476.49,480.84,22318200,1
MSFT,2025-12-05,482.52,483.40,478.88,483.16,22608700,1
MSFT,2025-12-08,484.89,492.30,484.38,491.02,21965900,1
MSFT,2025-12-09,489.10,492.12,488.50,492.02,14696100,1
MSFT,2025-12-10,484.03,484.25,475.08,478.56,35756200,1
MSFT,2025-12-11,476.63,486.03,475.86,483.47,24669200,1
MSFT,2025-12-12,479.82,482.45,476.34,478.53,21248100,1
MSFT,2025-12-15,480.10,480.72,472.52,474.82,23727700,1
MSFT,2025-12-16,471.91,477.89,470.88,476.39,20705600,1
MSFT,2025-12-17,476.91,480.00,475.00,476.12,24527200,1
MSFT,2025-12-18,478.19,489.60,477.89,483.98,28573500,1
MSFT,2025-12-19,487.36,487.85,482.49,485.92,70836100,1
MSFT,2025-12-22,486.12,488.73,482.69,484.92,16963000,1
MSFT,2025-12-23,484.98,487.83,484.74,486.85,14683600,1
MSFT,2025-12-24,485.68,489.16,484.83,488.02,5855900,1
MSFT,2025-12-26,486.71,488.12,485.96,487.71,8842200,1
MSFT,2025-12-29,484.86,488.35,484.18,487.10,10893400,1
MSFT,2025-12-30,485.93,489.68,485.50,487.48,13944500,1
MSFT,2025-12-31,487.84,488.14,483.30,483.62,15601600,1
MSFT,2026-01-02,484.39,484.66,470.16,472.94,25571600,1
MSFT,2026-01-05,474.06,476.07,469.50,472.85,25250300,1
MSFT,2026-01-06,473.80,478.74,469.75,478.51,23037700,1
MSFT,2026-01-07,479.76,489.70,477.95,483.47,25564200,1
MSFT,2026-01-08,481.24,482.66,475.86,478.11,18162600,1
MSFT,2026-01-09,474.06,479.82,472.20,479.28,18491000,1
MSFT,2026-01-12,476.67,480.99,475.68,477.18,23519900,1
MSFT,2026-01-13,474.68,475.78,465.95,470.67,28545800,1
MSFT,2026-01-14,466.46,468.20,457.17,459.38,28184300,1
MSFT,2026-01-15,464.12,464.25,455.90,456.66,23225800,1
MSFT,2026-01-16,457.83,463.19,456.48,459.86,34246700,1
MSFT,2026-01-20,451.22,456.80,449.28,454.52,26130000,1
MSFT,2026-01-21,452.60,452.69,438.68,444.11,37980500,1
MSFT,2026-01-22,447.62,452.84,444.70,451.14,25349400,1
MSFT,2026-01-23,451.87,471.10,450.53,465.95,38000200,1
MSFT,2026-01-26,465.31,474.25,462.00,470.28,29291200,1
MSFT,2026-01-27,473.70,482.87,473.16,480.58,29213900,1
MSFT,2026-01-28,483.21,483.74,478.00,481.63,36875400,1
MSFT,2026-01-29,439.99,442.50,421.02,433.50,128855300,1
MSFT,2026-01-30,439.17,439.60,426.45,430.29,58566800,1
MSFT,2026-02-02,430.24,430.74,422.25,423.37,42219900,1
MSFT,2026-02-03,422.01,422.05,408.56,411.21,61424100,1
MSFT,2026-02-04,411.00,419.80,409.24,414.19,45012400,1
MSFT,2026-02-05,407.44,408.30,392.32,393.67,66289200,1
MSFT,2026-02-06,399.17,401.79,392.92,401.14,53515300,1
MSFT,2026-02-09,404.85,414.89,400.87,413.60,45480500,1
MSFT,2026-02-10,419.62,423.68,412.70,413.27,44857900,1
MSFT,2026-02-11,416.18,416.46,401.01,404.37,42491000,1
MSFT,2026-02-12,405.00,406.20,398.01,401.84,40802400,1
MSFT,2026-02-13,404.45,405.54,398.05,401.32,34091600,1
MSFT,2026-02-17,399.22,400.52,394.53,396.86,32078800,1
MSFT,2026-02-18,398.13,402.56,396.32,399.60,23223400,1
MSFT,2026-02-19,400.69,404.43,396.67,398.46,28234000,1
MSFT,2026-02-20,396.11,400.12,395.16,397.23,34015200,1
MSFT,2026-02-23,395.00,395.36,383.10,384.47,43238300,1
MSFT,2026-02-24,384.14,389.36,381.71,389.00,33884700,1
MSFT,2026-02-25,390.53,401.47,390.16,400.60,43625500,1
MSFT,2026-02-26,404.71,407.49,398.74,401.72,34405900,1
MSFT,2026-02-27,390.88,396.82,389.88,392.74,51367200,1
MSFT,2026-03-02,392.86,401.19,390.63,398.55,35474900,1
MSFT,2026-03-03,393.14,406.70,392.67,403.93,38199200,1
MSFT,2026-03-04,401.27,411.03,400.31,405.20,35808000,1
MSFT,2026-03-05,404.42,411.61,404.40,410.68,39001300,1
MSFT,2026-03-06,409.20,413.05,408.51,408.96,31123900,1
MSFT,2026-03-09,404.92,410.21,403.50,409.41,30131900,1
MSFT,2026-03-10,410.03,410.20,402.93,405.76,31706400,1
MSFT,2026-03-11,405.57,409.01,401.59,404.88,25512100,1
MSFT,2026-03-12,404.63,406.12,401.71,401.86,27263900,1
MSFT,2026-03-13,401.00,404.80,394.25,395.55,26848000,1
MSFT,2026-03-16,398.07,400.63,394.79,399.95,27733700,1
MSFT,2026-03-17,400.27,404.40,397.75,399.41,26228300,1
MSFT,2026-03-18,397.13,398.00,391.00,391.79,25908500,1
MSFT,2026-03-19,390.10,392.49,387.06,389.02,25138800,1
MSFT,2026-03-20,386.79,387.00,380.12,381.87,50853200,1
MSFT,2026-03-23,383.90,387.21,381.68,383.00,29680100,1
MSFT,2026-03-24,382.36,382.47,371.85,372.74,42733600,1
MSFT,2026-03-25,376.92,377.06,369.63,371.04,31181200,1
MSFT,2026-03-26,370.82,374.72,365.19,365.97,36836600,1
MSFT,2026-03-27,361.90,362.45,356.51,356.77,37883400,1
MSFT,2026-03-30,361.90,365.36,356.28,358.96,44797000,1
MSFT,2026-03-31,364.55,372.90,363.07,370.17,45244400,1
MSFT,2026-04-01,373.49,373.99,368.20,369.37,29417200,1
MSFT,2026-04-02,367.21,373.64,364.15,373.46,24099100,1
MSFT,2026-04-06,373.49,373.73,369.50,372.88,16146600,1
MSFT,2026-04-07,370.34,372.45,366.56,372.29,21443300,1
MSFT,2026-04-08,384.98,385.00,371.41,374.33,33064800,1
MSFT,2026-04-09,372.50,373.50,367.05,373.07,30435300,1
MSFT,2026-04-10,372.98,375.64,370.03,370.87,28111100,1
MSFT,2026-04-13,373.61,384.54,371.02,384.37,35745800,1
MSFT,2026-04-14,387.92,394.69,386.52,393.11,37504500,1
MSFT,2026-04-15,398.00,414.37,396.73,411.22,45063400,1
MSFT,2026-04-16,419.86,420.82,412.14,420.26,41642400,1
MSFT,2026-04-17,424.82,431.58,420.69,422.79,48568200,1
MSFT,2026-04-20,421.15,423.33,416.30,418.07,27582200,1
MSFT,2026-04-21,420.24,427.18,417.20,424.16,32048500,1
MSFT,2026-04-22,426.19,433.70,423.67,432.92,29378200,1
MSFT,2026-04-23,419.89,423.66,411.41,415.75,38308000,1
MSFT,2026-04-24,416.97,424.95,415.80,424.62,27457400,1
MSFT,2026-04-27,422.38,427.11,417.07,424.82,30867300,1
MSFT,2026-04-28,424.57,429.92,421.90,429.25,30438100,1
MSFT,2026-04-29,424.58,426.82,420.29,424.46,38288300,1
MSFT,2026-04-30,410.81,414.42,398.01,407.78,70909400,1
MSFT,2026-05-01,412.80,417.11,410.44,414.44,31372400,1
MSFT,2026-05-04,411.54,420.78,410.80,413.62,28066500,1
MSFT,2026-05-05,415.32,416.78,408.80,411.38,25700900,1
MSFT,2026-05-06,408.00,418.42,405.11,413.96,30285900,1
MSFT,2026-05-07,420.11,427.98,418.76,420.77,34942400,1
MSFT,2026-05-08,417.39,418.63,414.00,415.12,33383800,1
MSFT,2026-05-11,407.87,412.69,405.50,412.66,35657900,1
MSFT,2026-05-12,414.48,415.50,406.64,407.77,38594200,1
MSFT,2026-05-13,403.20,406.31,401.03,405.21,29667100,1
MSFT,2026-05-14,404.48,411.84,400.88,409.43,27077500,1
MSFT,2026-05-15,414.27,428.17,412.91,421.92,50771200,1
MSFT,2026-05-18,416.62,425.12,415.61,423.54,32564100,1
MSFT,2026-05-19,429.90,432.70,416.49,417.42,33018700,1
MSFT,2026-05-20,414.17,422.10,411.30,421.06,27864000,1
MSFT,2026-05-21,424.75,426.34,415.71,419.09,31393500,1
MSFT,2026-05-22,419.54,424.40,416.33,418.57,22390300,1
MSFT,2026-05-26,416.43,419.77,413.02,416.03,30398000,1
MSFT,2026-05-27,411.01,415.94,409.58,412.67,28901500,1
MSFT,2026-05-28,412.98,429.49,412.67,426.99,47250500,1
MSFT,2026-05-29,432.55,450.33,432.36,450.24,79654400,1
MSFT,2026-06-01,464.84,466.32,458.27,460.52,53628900,1
MSFT,2026-06-02,446.88,453.50,440.43,441.31,37036800,1
MSFT,2026-06-03,438.45,440.39,424.25,427.34,39037000,1
MSFT,2026-06-04,435.81,436.15,426.41,428.05,26899500,1
MSFT,2026-06-05,428.34,429.47,414.40,416.67,34782200,1
MSFT,2026-06-08,414.14,417.16,408.56,411.74,32086700,1
MSFT,2026-06-09,409.03,411.98,398.48,403.41,35317300,1
MSFT,2026-06-10,398.55,405.04,397.16,397.36,32576000,1
MSFT,2026-06-11,395.21,396.85,384.00,390.34,47224100,1
MSFT,2026-06-12,391.43,391.74,382.27,390.74,34865800,1
